Workbook

Sheet Planilha2
A9: Nome Brawler | B9: Soma de Durability | C9: Soma de Distância-Ataque | D9: Soma de C Durability | E9: Soma de Ataque-Surpresa | F9: Soma de Aproximação-Fácil | G9: Soma de C Distância-ataque
A10: 8-BIT | B10: 7 | C10: 8 | D10: 6 | E10: 0 | F10: 1.9966667 | G10: 7.3318519
A11: ALLI | B11: 4 | C11: 1 | D11: 5 | E11: 6 | F11: 6.9966667 | G11: 5.5540741
A12: AMBER | B12: 3 | C12: 7 | D12: 6 | E12: 0 | F12: 1.9966667 | G12: 5.9985185
A13: ANGELO | B13: 3 | C13: 9 | D13: 6 | E13: 0 | F13: 3.33 | G13: 7.48
A14: ASH | B14: 9 | C14: 4 | D14: 5 | E14: 0 | F14: 3.9966667 | G14: 6.6651852
A15: BARLEY | B15: 2 | C15: 6 | D15: 5 | E15: 0 | F15: 1.6633333 | G15: 4.9614815
A16: BEA | B16: 3 | C16: 8 | D16: 6 | E16: 0 | F16: 1.9966667 | G16: 6.442963
A17: BELLE | B17: 2 | C17: 8 | D17: 4 | E17: 0 | F17: 1.6633333 | G17: 5.6281481
A18: BERRY | B18: 2 | C18: 5 | D18: 5 | E18: 7 | F18: 6.33 | G18: 6.5911111
A19: BIBI | B19: 7 | C19: 2 | D19: 5 | E19: 0 | F19: 4.6633333 | G19: 5.6281481
A20: BO | B20: 4 | C20: 7 | D20: 5 | E20: 0 | F20: 2.33 | G20: 6.1466667
A21: BONNIE | B21: 6 | C21: 8 | D21: 5 | E21: 7 | F21: 6.9966667 | G21: 9.1096296
... A109: Total Geral | B109: 442 | C109: 570 | D109: 514 | E109: 169 | F109: 394.33667 | G109: 641.03852

Sheet Planilha1
W1: durabilidade, (suporte-cura, suporte-escudo) | AA1: ataque-surpresa, (durabilidade, velocidade-movimento) | AB1: distancia-ataque, (durabilidade, aproximação-facil, counter-durabilidade) | AC1: durabilidade (C-durabilidade, potencial-dano-curto-alcance)
B3: ID | C3: Nome Brawler | H3: POT-DAN-CUR-ALC | J3: PODER-DE-STUN | P3: DANO-PETS | W3: Durability | X3: Distância-Ataque | Y3: C Durability | Z3: Ataque-Surpresa | AA3: Aproximação-Fácil | AB3: C Distância-ataque | AC3: Botão-de-Fuga
B4: 1 | C4: SHELLY | H4: 7 | W4: 4 | X4: 6 | Y4: 8 | Z4: 0 | AA4: =SUM(Z4, AVERAGE(7, W4))/1.5-0.67 -> 2.9966667 | AB4: =SUM(X4, AA4, AVERAGE(Y4, W4))/2.25 -> 6.6651852 | AC4: =SUM(AVERAGE(Y4, W4), AVERAGE(Y4, 7))/1.5 -> 9
B5: 2 | C5: NITA | H5: 9 | W5: 5 | X5: 5 | Y5: 6 | Z5: 0 | AA5: =SUM(Z5, AVERAGE(5, W5))/1.5-0.67 -> 2.6633333 | AB5: =SUM(X5, AA5, AVERAGE(Y5, W5))/2.25 -> 5.8503704 | AC5: =SUM(AVERAGE(Y5, W5), AVERAGE(Y5, 9))/1.5 -> 8.6666667
B6: 3 | C6: COLT | H6: 6 | W6: 3 | X6: 8 | Y6: 9 | Z6: 0 | AA6: =SUM(Z6, AVERAGE(5, W6))/1.5-0.67 -> 1.9966667 | AB6: =SUM(X6, AA6, AVERAGE(Y6, W6))/2.25 -> 7.1096296 | AC6: =SUM(AVERAGE(Y6, W6), AVERAGE(Y6, 6))/1.5 -> 9
B7: 4 | C7: BULL | H7: 7 | W7: 7 | X7: 2 | Y7: 8 | Z7: 4 | AA7: =SUM(Z7, AVERAGE(7, W7))/1.5-0.67 -> 6.6633333 | AB7: =SUM(X7, AA7, AVERAGE(Y7, W7))/2.25 -> 7.1837037 | AC7: =SUM(AVERAGE(Y7, W7), AVERAGE(Y7, 7))/1.5 -> 10
B8: 5 | C8: BROCK | H8: 7 | W8: 3 | X8: 7 | Y8: 6 | Z8: 0 | AA8: =SUM(Z8, AVERAGE(5, W8))/1.5-0.67 -> 1.9966667 | AB8: =SUM(X8, AA8, AVERAGE(Y8, W8))/2.25 -> 5.9985185 | AC8: =SUM(AVERAGE(Y8, W8), AVERAGE(Y8, 7))/1.5 -> 7.3333333
B9: 6 | C9: EL PRIMO | H9: 7 | W9: 10 | X9: 1 | Y9: 5 | Z9: 3 | AA9: =SUM(Z9, AVERAGE(7, W9))/1.5-0.67 -> 6.9966667 | AB9: =SUM(X9, AA9, AVERAGE(Y9, W9))/2.25 -> 6.8874074 | AC9: =SUM(AVERAGE(Y9, W9), AVERAGE(Y9, 7))/1.5 -> 9
B10: 7 | C10: BARLEY | H10: 5 | W10: 2 | X10: 6 | Y10: 5 | Z10: 0 | AA10: =SUM(Z10, AVERAGE(5, W10))/1.5-0.67 -> 1.6633333 | AB10: =SUM(X10, AA10, AVERAGE(Y10, W10))/2.25 -> 4.9614815 | AC10: =SUM(AVERAGE(Y10, W10), AVERAGE(Y10, 5))/1.5 -> 5.6666667
B11: 8 | C11: POCO | H11: 9 | W11: 5 | X11: 6 | Y11: 2 | Z11: 0 | AA11: =SUM(Z11, AVERAGE(5, W11))/1.5-0.67 -> 2.6633333 | AB11: =SUM(X11, AA11, AVERAGE(Y11, W11))/2.25 -> 5.4059259 | AC11: =SUM(AVERAGE(Y11, W11), AVERAGE(Y11, 9))/1.5 -> 6
B12: 9 | C12: ROSA | H12: 8 | W12: 7 | X12: 3 | Y12: 4 | Z12: 0 | AA12: =SUM(Z12, AVERAGE(7, W12))/1.5-0.67 -> 3.9966667 | AB12: =SUM(X12, AA12, AVERAGE(Y12, W12))/2.25 -> 5.5540741 | AC12: =SUM(AVERAGE(Y12, W12), AVERAGE(Y12, 8))/1.5 -> 7.6666667
B13: 10 | C13: JESSIE | H13: 8 | W13: 3 | X13: 7 | Y13: 6 | Z13: 0 | AA13: =SUM(Z13, AVERAGE(5, W13))/1.5-0.67 -> 1.9966667 | AB13: =SUM(X13, AA13, AVERAGE(Y13, W13))/2.25 -> 5.9985185 | AC13: =SUM(AVERAGE(Y13, W13), AVERAGE(Y13, 8))/1.5 -> 7.6666667
B14: 11 | C14: DYNAMIKE | H14: 3 | W14: 3 | X14: 6 | Y14: 8 | Z14: 0 | AA14: =SUM(Z14, AVERAGE(7, W14))/1.5-0.67 -> 2.6633333 | AB14: =SUM(X14, AA14, AVERAGE(Y14, W14))/2.25 -> 6.2948148 | AC14: =SUM(AVERAGE(Y14, W14), AVERAGE(Y14, 3))/1.5 -> 7.3333333
B15: 12 | C15: TICK | H15: 4 | W15: 1 | X15: 7 | Y15: 5 | Z15: 0 | AA15: =SUM(Z15, AVERAGE(5, W15))/1.5-0.67 -> 1.33 | AB15: =SUM(X15, AA15, AVERAGE(Y15, W15))/2.25 -> 5.0355556 | AC15: =SUM(AVERAGE(Y15, W15), AVERAGE(Y15, 4))/1.5 -> 5
B16: 13 | C16: 8-BIT | H16: 5 | W16: 7 | X16: 8 | Y16: 6 | Z16: 0 | AA16: =SUM(Z16, AVERAGE(1, W16))/1.5-0.67 -> 1.9966667 | AB16: =SUM(X16, AA16, AVERAGE(Y16, W16))/2.25 -> 7.3318519 | AC16: =SUM(AVERAGE(Y16, W16), AVERAGE(Y16, 5))/1.5 -> 8
B17: 14 | C17: RICO | H17: 6 | W17: 3 | X17: 8 | Y17: 9 | Z17: 0 | AA17: =SUM(Z17, AVERAGE(5, W17))/1.5-0.67 -> 1.9966667 | AB17: =SUM(X17, AA17, AVERAGE(Y17, W17))/2.25 -> 7.1096296 | AC17: =SUM(AVERAGE(Y17, W17), AVERAGE(Y17, 6))/1.5 -> 9
B18: 15 | C18: DARRYL | H18: 7 | W18: 8 | X18: 4 | Y18: 5 | Z18: 6 | AA18: =SUM(Z18, AVERAGE(7, W18))/1.5-0.67 -> 8.33 | AB18: =SUM(X18, AA18, AVERAGE(Y18, W18))/2.25 -> 8.3688889 | AC18: =SUM(AVERAGE(Y18, W18), AVERAGE(Y18, 7))/1.5 -> 8.3333333
B19: 16 | C19: PENNY | H19: 8 | W19: 4 | X19: 6 | Y19: 5 | Z19: 0 | AA19: =SUM(Z19, AVERAGE(5, W19))/1.5-0.67 -> 2.33 | AB19: =SUM(X19, AA19, AVERAGE(Y19, W19))/2.25 -> 5.7022222 | AC19: =SUM(AVERAGE(Y19, W19), AVERAGE(Y19, 8))/1.5 -> 7.3333333
B20: 17 | C20: CARL | H20: 6 | W20: 5 | X20: 7 | Y20: 6 | Z20: 0 | AA20: =SUM(Z20, AVERAGE(5, W20))/1.5-0.67 -> 2.6633333 | AB20: =SUM(X20, AA20, AVERAGE(Y20, W20))/2.25 -> 6.7392593 | AC20: =SUM(AVERAGE(Y20, W20), AVERAGE(Y20, 6))/1.5 -> 7.6666667
B21: 18 | C21: JACKY | H21: 8 | W21: 7 | X21: 3 | Y21: 4 | Z21: 0 | AA21: =SUM(Z21, AVERAGE(7, W21))/1.5-0.67 -> 3.9966667 | AB21: =SUM(X21, AA21, AVERAGE(Y21, W21))/2.25 -> 5.5540741 | AC21: =SUM(AVERAGE(Y21, W21), AVERAGE(Y21, 8))/1.5 -> 7.6666667
B22: 19 | C22: GUS | H22: 8 | W22: 3 | X22: 8 | Y22: 4 | Z22: 0 | AA22: =SUM(Z22, AVERAGE(5, W22))/1.5-0.67 -> 1.9966667 | AB22: =SUM(X22, AA22, AVERAGE(Y22, W22))/2.25 -> 5.9985185 | AC22: =SUM(AVERAGE(Y22, W22), AVERAGE(Y22, 8))/1.5 -> 6.3333333
B23: 20 | C23: BO | H23: 8 | W23: 4 | X23: 7 | Y23: 5 | Z23: 0 | AA23: =SUM(Z23, AVERAGE(5, W23))/1.5-0.67 -> 2.33 | AB23: =SUM(X23, AA23, AVERAGE(Y23, W23))/2.25 -> 6.1466667 | AC23: =SUM(AVERAGE(Y23, W23), AVERAGE(Y23, 8))/1.5 -> 7.3333333
B24: 21 | C24: EMZ | H24: 6 | W24: 4 | X24: 5 | Y24: 6 | Z24: 0 | AA24: =SUM(Z24, AVERAGE(5, W24))/1.5-0.67 -> 2.33 | AB24: =SUM(X24, AA24, AVERAGE(Y24, W24))/2.25 -> 5.48 | AC24: =SUM(AVERAGE(Y24, W24), AVERAGE(Y24, 6))/1.5 -> 7.3333333
B25: 22 | C25: STU | H25: 8 | W25: 4 | X25: 6 | Y25: 4 | Z25: 3 | AA25: =SUM(Z25, AVERAGE(5, W25))/1.5-0.67 -> 4.33 | AB25: =SUM(X25, AA25, AVERAGE(Y25, W25))/2.25 -> 6.3688889 | AC25: =SUM(AVERAGE(Y25, W25), AVERAGE(Y25, 8))/1.5 -> 6.6666667
B26: 23 | C26: PIPER | H26: 4 | W26: 2 | X26: 9 | Y26: 6 | Z26: 1 | AA26: =SUM(Z26, AVERAGE(5, W26))/1.5-0.67 -> 2.33 | AB26: =SUM(X26, AA26, AVERAGE(Y26, W26))/2.25 -> 6.8133333 | AC26: =SUM(AVERAGE(Y26, W26), AVERAGE(Y26, 4))/1.5 -> 6
B27: 24 | C27: PAM | H27: 6 | W27: 7 | X27: 7 | Y27: 5 | Z27: 0 | AA27: =SUM(Z27, AVERAGE(5, W27))/1.5-0.67 -> 3.33 | AB27: =SUM(X27, AA27, AVERAGE(Y27, W27))/2.25 -> 7.2577778 | AC27: =SUM(AVERAGE(Y27, W27), AVERAGE(Y27, 6))/1.5 -> 7.6666667
B28: 25 | C28: FRANK | H28: 8 | W28: 10 | X28: 5 | Y28: 5 | Z28: 0 | AA28: =SUM(Z28, AVERAGE(7, W28))/1.5-0.67 -> 4.9966667 | AB28: =SUM(X28, AA28, AVERAGE(Y28, W28))/2.25 -> 7.7762963 | AC28: =SUM(AVERAGE(Y28, W28), AVERAGE(Y28, 8))/1.5 -> 9.3333333
B29: 26 | C29: BIBI | H29: 8 | W29: 7 | X29: 2 | Y29: 5 | Z29: 0 | AA29: =SUM(Z29, AVERAGE(9, W29))/1.5-0.67 -> 4.6633333 | AB29: =SUM(X29, AA29, AVERAGE(Y29, W29))/2.25 -> 5.6281481 | AC29: =SUM(AVERAGE(Y29, W29), AVERAGE(Y29, 8))/1.5 -> 8.3333333
B30: 27 | C30: BEA | H30: 8 | W30: 3 | X30: 8 | Y30: 6 | Z30: 0 | AA30: =SUM(Z30, AVERAGE(5, W30))/1.5-0.67 -> 1.9966667 | AB30: =SUM(X30, AA30, AVERAGE(Y30, W30))/2.25 -> 6.442963 | AC30: =SUM(AVERAGE(Y30, W30), AVERAGE(Y30, 8))/1.5 -> 7.6666667
B31: 28 | C31: NANI | H31: 8 | W31: 2 | X31: 10 | Y31: 7 | Z31: 0 | AA31: =SUM(Z31, AVERAGE(5, W31))/1.5-0.67 -> 1.6633333 | AB31: =SUM(X31, AA31, AVERAGE(Y31, W31))/2.25 -> 7.1837037 | AC31: =SUM(AVERAGE(Y31, W31), AVERAGE(Y31, 8))/1.5 -> 8
B32: 29 | C32: EDGAR | H32: 7 | W32: 4 | X32: 1 | Y32: 5 | Z32: 6 | AA32: =SUM(Z32, AVERAGE(9, W32))/1.5-0.67 -> 7.6633333 | AB32: =SUM(X32, AA32, AVERAGE(Y32, W32))/2.25 -> 5.8503704 | AC32: =SUM(AVERAGE(Y32, W32), AVERAGE(Y32, 7))/1.5 -> 7
B33: 30 | C33: GRIFF | H33: 8 | W33: 4 | X33: 7 | Y33: 9 | Z33: 0 | AA33: =SUM(Z33, AVERAGE(5, W33))/1.5-0.67 -> 2.33 | AB33: =SUM(X33, AA33, AVERAGE(Y33, W33))/2.25 -> 7.0355556 | AC33: =SUM(AVERAGE(Y33, W33), AVERAGE(Y33, 8))/1.5 -> 10
B34: 31 | C34: GROM | H34: 4 | W34: 3 | X34: 7 | Y34: 4 | Z34: 0 | AA34: =SUM(Z34, AVERAGE(5, W34))/1.5-0.67 -> 1.9966667 | AB34: =SUM(X34, AA34, AVERAGE(Y34, W34))/2.25 -> 5.5540741 | AC34: =SUM(AVERAGE(Y34, W34), AVERAGE(Y34, 4))/1.5 -> 5
B35: 32 | C35: BONNIE | H35: 9 | W35: 6 | X35: 8 | Y35: 5 | Z35: 7 | AA35: =SUM(Z35, AVERAGE(3, W35))/1.5-0.67 -> 6.9966667 | AB35: =SUM(X35, AA35, AVERAGE(Y35, W35))/2.25 -> 9.1096296 | AC35: =SUM(AVERAGE(Y35, W35), AVERAGE(Y35, 9))/1.5 -> 8.3333333
B36: 33 | C36: GALE | H36: 6 | W36: 5 | X36: 7 | Y36: 5 | Z36: 0 | AA36: =SUM(Z36, AVERAGE(5, W36))/1.5-0.67 -> 2.6633333 | AB36: =SUM(X36, AA36, AVERAGE(Y36, W36))/2.25 -> 6.517037 | AC36: =SUM(AVERAGE(Y36, W36), AVERAGE(Y36, 6))/1.5 -> 7
B37: 34 | C37: COLLETE | H37: 9 | W37: 4 | X37: 8 | Y37: 4 | Z37: 0 | AA37: =SUM(Z37, AVERAGE(5, W37))/1.5-0.67 -> 2.33 | AB37: =SUM(X37, AA37, AVERAGE(Y37, W37))/2.25 -> 6.3688889 | AC37: =SUM(AVERAGE(Y37, W37), AVERAGE(Y37, 9))/1.5 -> 7
B38: 35 | C38: BELLE | H38: 8 | W38: 2 | X38: 8 | Y38: 4 | Z38: 0 | AA38: =SUM(Z38, AVERAGE(5, W38))/1.5-0.67 -> 1.6633333 | AB38: =SUM(X38, AA38, AVERAGE(Y38, W38))/2.25 -> 5.6281481 | AC38: =SUM(AVERAGE(Y38, W38), AVERAGE(Y38, 8))/1.5 -> 6
B39: 36 | C39: ASH | H39: 8 | W39: 9 | X39: 4 | Y39: 5 | Z39: 0 | AA39: =SUM(Z39, AVERAGE(5, W39))/1.5-0.67 -> 3.9966667 | AB39: =SUM(X39, AA39, AVERAGE(Y39, W39))/2.25 -> 6.6651852 | AC39: =SUM(AVERAGE(Y39, W39), AVERAGE(Y39, 8))/1.5 -> 9
B40: 37 | C40: LOLA | H40: 7 | W40: 5 | X40: 7 | Y40: 6 | Z40: 0 | AA40: =SUM(Z40, AVERAGE(5, W40))/1.5-0.67 -> 2.6633333 | AB40: =SUM(X40, AA40, AVERAGE(Y40, W40))/2.25 -> 6.7392593 | AC40: =SUM(AVERAGE(Y40, W40), AVERAGE(Y40, 7))/1.5 -> 8
B41: 38 | C41: SAM | H41: 8 | W41: 8 | X41: 3 | Y41: 4 | Z41: 0 | AA41: =SUM(Z41, AVERAGE(7, W41))/1.5-0.67 -> 4.33 | AB41: =SUM(X41, AA41, AVERAGE(Y41, W41))/2.25 -> 5.9244444 | AC41: =SUM(AVERAGE(Y41, W41), AVERAGE(Y41, 8))/1.5 -> 8
B42: 39 | C42: MANDY | H42: 9 | W42: 3 | X42: 10 | Y42: 6 | Z42: 0 | AA42: =SUM(Z42, AVERAGE(5, W42))/1.5-0.67 -> 1.9966667 | AB42: =SUM(X42, AA42, AVERAGE(Y42, W42))/2.25 -> 7.3318519 | AC42: =SUM(AVERAGE(Y42, W42), AVERAGE(Y42, 9))/1.5 -> 8
B43: 40 | C43: MAISIE | H43: 7 | W43: 5 | X43: 7 | Y43: 5 | Z43: 0 | AA43: =SUM(Z43, AVERAGE(5, W43))/1.5-0.67 -> 2.6633333 | AB43: =SUM(X43, AA43, AVERAGE(Y43, W43))/2.25 -> 6.517037 | AC43: =SUM(AVERAGE(Y43, W43), AVERAGE(Y43, 7))/1.5 -> 7.3333333
B44: 41 | C44: HANK | H44: 9 | W44: 7 | X44: 4 | Y44: 5 | Z44: 0 | AA44: =SUM(Z44, AVERAGE(5, W44))/1.5-0.67 -> 3.33 | AB44: =SUM(X44, AA44, AVERAGE(Y44, W44))/2.25 -> 5.9244444 | AC44: =SUM(AVERAGE(Y44, W44), AVERAGE(Y44, 9))/1.5 -> 8.6666667
B45: 42 | C45: PEARL | H45: 7 | W45: 5 | X45: 7 | Y45: 6 | Z45: 0 | AA45: =SUM(Z45, AVERAGE(5, W45))/1.5-0.67 -> 2.6633333 | AB45: =SUM(X45, AA45, AVERAGE(Y45, W45))/2.25 -> 6.7392593 | AC45: =SUM(AVERAGE(Y45, W45), AVERAGE(Y45, 7))/1.5 -> 8
B46: 43 | C46: LARRIE E LAWRIE | H46: 5 | W46: 3 | X46: 5 | Y46: 5 | Z46: 0 | AA46: =SUM(Z46, AVERAGE(7, W46))/1.5-0.67 -> 2.6633333 | AB46: =SUM(X46, AA46, AVERAGE(Y46, W46))/2.25 -> 5.1837037 | AC46: =SUM(AVERAGE(Y46, W46), AVERAGE(Y46, 5))/1.5 -> 6
B47: 44 | C47: ANGELO | H47: 9 | W47: 3 | X47: 9 | Y47: 6 | Z47: 0 | AA47: =SUM(Z47, AVERAGE(9, W47))/1.5-0.67 -> 3.33 | AB47: =SUM(X47, AA47, AVERAGE(Y47, W47))/2.25 -> 7.48 | AC47: =SUM(AVERAGE(Y47, W47), AVERAGE(Y47, 9))/1.5 -> 8
B48: 45 | C48: BERRY | H48: 5 | W48: 2 | X48: 5 | Y48: 5 | Z48: 7 | AA48: =SUM(Z48, AVERAGE(5, W48))/1.5-0.67 -> 6.33 | AB48: =SUM(X48, AA48, AVERAGE(Y48, W48))/2.25 -> 6.5911111 | AC48: =SUM(AVERAGE(Y48, W48), AVERAGE(Y48, 5))/1.5 -> 5.6666667
B49: 46 | C49: SHADE | H49: 8 | W49: 4 | X49: 2 | Y49: 4 | Z49: 5 | AA49: =SUM(Z49, AVERAGE(9, W49))/1.5-0.67 -> 6.9966667 | AB49: =SUM(X49, AA49, AVERAGE(Y49, W49))/2.25 -> 5.7762963 | AC49: =SUM(AVERAGE(Y49, W49), AVERAGE(Y49, 8))/1.5 -> 6.6666667
B50: 47 | C50: MEEPLE | H50: 9 | W50: 3 | X50: 7 | Y50: 4 | Z50: 0 | AA50: =SUM(Z50, AVERAGE(5, W50))/1.5-0.67 -> 1.9966667 | AB50: =SUM(X50, AA50, AVERAGE(Y50, W50))/2.25 -> 5.5540741 | AC50: =SUM(AVERAGE(Y50, W50), AVERAGE(Y50, 9))/1.5 -> 6.6666667
B51: 48 | C51: TRUNK | H51: 8 | W51: 7 | X51: 3 | Y51: 6 | Z51: 6 | AA51: =SUM(Z51, AVERAGE(7, W51))/1.5-0.67 -> 7.9966667 | AB51: =SUM(X51, AA51, AVERAGE(Y51, W51))/2.25 -> 7.7762963 | AC51: =SUM(AVERAGE(Y51, W51), AVERAGE(Y51, 8))/1.5 -> 9
B52: 49 | C52: MORTIS | H52: 7 | W52: 5 | X52: 1 | Y52: 4 | Z52: 4 | AA52: =SUM(Z52, AVERAGE(9, W52))/1.5-0.67 -> 6.6633333 | AB52: =SUM(X52, AA52, AVERAGE(Y52, W52))/2.25 -> 5.4059259 | AC52: =SUM(AVERAGE(Y52, W52), AVERAGE(Y52, 7))/1.5 -> 6.6666667
B53: 50 | C53: TARA | H53: 7 | W53: 3 | X53: 6 | Y53: 4 | Z53: 0 | AA53: =SUM(Z53, AVERAGE(5, W53))/1.5-0.67 -> 1.9966667 | AB53: =SUM(X53, AA53, AVERAGE(Y53, W53))/2.25 -> 5.1096296 | AC53: =SUM(AVERAGE(Y53, W53), AVERAGE(Y53, 7))/1.5 -> 6
B54: 51 | C54: GENE | H54: 9 | W54: 4 | X54: 9 | Y54: 3 | Z54: 0 | AA54: =SUM(Z54, AVERAGE(5, W54))/1.5-0.67 -> 2.33 | AB54: =SUM(X54, AA54, AVERAGE(Y54, W54))/2.25 -> 6.5911111 | AC54: =SUM(AVERAGE(Y54, W54), AVERAGE(Y54, 9))/1.5 -> 6.3333333
B55: 52 | C55: MAX | H55: 8 | W55: 4 | X55: 7 | Y55: 5 | Z55: 0 | AA55: =SUM(Z55, AVERAGE(9, W55))/1.5-0.67 -> 3.6633333 | AB55: =SUM(X55, AA55, AVERAGE(Y55, W55))/2.25 -> 6.7392593 | AC55: =SUM(AVERAGE(Y55, W55), AVERAGE(Y55, 8))/1.5 -> 7.3333333
B56: 53 | C56: MISTER P | H56: 9 | W56: 4 | X56: 7 | Y56: 5 | Z56: 0 | AA56: =SUM(Z56, AVERAGE(5, W56))/1.5-0.67 -> 2.33 | AB56: =SUM(X56, AA56, AVERAGE(Y56, W56))/2.25 -> 6.1466667 | AC56: =SUM(AVERAGE(Y56, W56), AVERAGE(Y56, 9))/1.5 -> 7.6666667
B57: 54 | C57: SPROUT | H57: 2 | W57: 3 | X57: 6 | Y57: 4 | Z57: 0 | AA57: =SUM(Z57, AVERAGE(5, W57))/1.5-0.67 -> 1.9966667 | AB57: =SUM(X57, AA57, AVERAGE(Y57, W57))/2.25 -> 5.1096296 | AC57: =SUM(AVERAGE(Y57, W57), AVERAGE(Y57, 2))/1.5 -> 4.3333333
B58: 55 | C58: BYRON | H58: 8 | W58: 2 | X58: 8 | Y58: 4 | Z58: 0 | AA58: =SUM(Z58, AVERAGE(5, W58))/1.5-0.67 -> 1.6633333 | AB58: =SUM(X58, AA58, AVERAGE(Y58, W58))/2.25 -> 5.6281481 | AC58: =SUM(AVERAGE(Y58, W58), AVERAGE(Y58, 8))/1.5 -> 6
B59: 56 | C59: SQUEAK | H59: 8 | W59: 4 | X59: 7 | Y59: 6 | Z59: 0 | AA59: =SUM(Z59, AVERAGE(5, W59))/1.5-0.67 -> 2.33 | AB59: =SUM(X59, AA59, AVERAGE(Y59, W59))/2.25 -> 6.3688889 | AC59: =SUM(AVERAGE(Y59, W59), AVERAGE(Y59, 8))/1.5 -> 8
B60: 57 | C60: LOU | H60: 8 | W60: 4 | X60: 8 | Y60: 5 | Z60: 0 | AA60: =SUM(Z60, AVERAGE(5, W60))/1.5-0.67 -> 2.33 | AB60: =SUM(X60, AA60, AVERAGE(Y60, W60))/2.25 -> 6.5911111 | AC60: =SUM(AVERAGE(Y60, W60), AVERAGE(Y60, 8))/1.5 -> 7.3333333
B61: 58 | C61: RUFUS | H61: 8 | W61: 3 | X61: 7 | Y61: 5 | Z61: 0 | AA61: =SUM(Z61, AVERAGE(5, W61))/1.5-0.67 -> 1.9966667 | AB61: =SUM(X61, AA61, AVERAGE(Y61, W61))/2.25 -> 5.7762963 | AC61: =SUM(AVERAGE(Y61, W61), AVERAGE(Y61, 8))/1.5 -> 7
B62: 59 | C62: BUZZ | H62: 7 | W62: 7 | X62: 1 | Y62: 6 | Z62: 7 | AA62: =SUM(Z62, AVERAGE(7, W62))/1.5-0.67 -> 8.6633333 | AB62: =SUM(X62, AA62, AVERAGE(Y62, W62))/2.25 -> 7.1837037 | AC62: =SUM(AVERAGE(Y62, W62), AVERAGE(Y62, 7))/1.5 -> 8.6666667
B63: 60 | C63: FANG | H63: 7 | W63: 6 | X63: 8 | Y63: 6 | Z63: 8 | AA63: =SUM(Z63, AVERAGE(7, W63))/1.5-0.67 -> 8.9966667 | AB63: =SUM(X63, AA63, AVERAGE(Y63, W63))/2.25 -> 10.220741 | AC63: =SUM(AVERAGE(Y63, W63), AVERAGE(Y63, 7))/1.5 -> 8.3333333
B64: 61 | C64: EVE | H64: 6 | W64: 3 | X64: 8 | Y64: 4 | Z64: 0 | AA64: =SUM(Z64, AVERAGE(5, W64))/1.5-0.67 -> 1.9966667 | AB64: =SUM(X64, AA64, AVERAGE(Y64, W64))/2.25 -> 5.9985185 | AC64: =SUM(AVERAGE(Y64, W64), AVERAGE(Y64, 6))/1.5 -> 5.6666667
B65: 62 | C65: JANET | H65: 9 | W65: 3 | X65: 5 | Y65: 4 | Z65: 2 | AA65: =SUM(Z65, AVERAGE(5, W65))/1.5-0.67 -> 3.33 | AB65: =SUM(X65, AA65, AVERAGE(Y65, W65))/2.25 -> 5.2577778 | AC65: =SUM(AVERAGE(Y65, W65), AVERAGE(Y65, 9))/1.5 -> 6.6666667
B66: 63 | C66: OTIS | H66: 8 | W66: 4 | X66: 7 | Y66: 5 | Z66: 0 | AA66: =SUM(Z66, AVERAGE(5, W66))/1.5-0.67 -> 2.33 | AB66: =SUM(X66, AA66, AVERAGE(Y66, W66))/2.25 -> 6.1466667 | AC66: =SUM(AVERAGE(Y66, W66), AVERAGE(Y66, 8))/1.5 -> 7.3333333
B67: 64 | C67: BUSTER | H67: 8 | W67: 7 | X67: 4 | Y67: 4 | Z67: 0 | AA67: =SUM(Z67, AVERAGE(7, W67))/1.5-0.67 -> 3.9966667 | AB67: =SUM(X67, AA67, AVERAGE(Y67, W67))/2.25 -> 5.9985185 | AC67: =SUM(AVERAGE(Y67, W67), AVERAGE(Y67, 8))/1.5 -> 7.6666667
B68: 65 | C68: GRAY | H68: 8 | W68: 4 | X68: 7 | Y68: 4 | Z68: 7 | AA68: =SUM(Z68, AVERAGE(5, W68))/1.5-0.67 -> 6.9966667 | AB68: =SUM(X68, AA68, AVERAGE(Y68, W68))/2.25 -> 7.9985185 | AC68: =SUM(AVERAGE(Y68, W68), AVERAGE(Y68, 8))/1.5 -> 6.6666667
B69: 66 | C69: R-T | H69: 8 | W69: 5 | X69: 8 | Y69: 7 | Z69: 0 | AA69: =SUM(Z69, AVERAGE(5, W69))/1.5-0.67 -> 2.6633333 | AB69: =SUM(X69, AA69, AVERAGE(Y69, W69))/2.25 -> 7.4059259 | AC69: =SUM(AVERAGE(Y69, W69), AVERAGE(Y69, 8))/1.5 -> 9
B70: 67 | C70: WILLOW | H70: 8 | W70: 3 | X70: 6 | Y70: 4 | Z70: 0 | AA70: =SUM(Z70, AVERAGE(5, W70))/1.5-0.67 -> 1.9966667 | AB70: =SUM(X70, AA70, AVERAGE(Y70, W70))/2.25 -> 5.1096296 | AC70: =SUM(AVERAGE(Y70, W70), AVERAGE(Y70, 8))/1.5 -> 6.3333333
B71: 68 | C71: DOUG | H71: 8 | W71: 7 | X71: 3 | Y71: 5 | Z71: 0 | AA71: =SUM(Z71, AVERAGE(7, W71))/1.5-0.67 -> 3.9966667 | AB71: =SUM(X71, AA71, AVERAGE(Y71, W71))/2.25 -> 5.7762963 | AC71: =SUM(AVERAGE(Y71, W71), AVERAGE(Y71, 8))/1.5 -> 8.3333333
B72: 69 | C72: CHUCK | H72: 7 | W72: 6 | X72: 4 | Y72: 5 | Z72: 5 | AA72: =SUM(Z72, AVERAGE(7, W72))/1.5-0.67 -> 6.9966667 | AB72: =SUM(X72, AA72, AVERAGE(Y72, W72))/2.25 -> 7.3318519 | AC72: =SUM(AVERAGE(Y72, W72), AVERAGE(Y72, 7))/1.5 -> 7.6666667
B73: 70 | C73: CHARLIE | H73: 8 | W73: 4 | X73: 7 | Y73: 5 | Z73: 0 | AA73: =SUM(Z73, AVERAGE(5, W73))/1.5-0.67 -> 2.33 | AB73: =SUM(X73, AA73, AVERAGE(Y73, W73))/2.25 -> 6.1466667 | AC73: =SUM(AVERAGE(Y73, W73), AVERAGE(Y73, 8))/1.5 -> 7.3333333
B74: 71 | C74: MICO | H74: 7 | W74: 4 | X74: 2 | Y74: 4 | Z74: 5 | AA74: =SUM(Z74, AVERAGE(9, W74))/1.5-0.67 -> 6.9966667 | AB74: =SUM(X74, AA74, AVERAGE(Y74, W74))/2.25 -> 5.7762963 | AC74: =SUM(AVERAGE(Y74, W74), AVERAGE(Y74, 7))/1.5 -> 6.3333333
B75: 72 | C75: MELLODIE | H75: 8 | W75: 4 | X75: 6 | Y75: 5 | Z75: 4 | AA75: =SUM(Z75, AVERAGE(5, W75))/1.5-0.67 -> 4.9966667 | AB75: =SUM(X75, AA75, AVERAGE(Y75, W75))/2.25 -> 6.8874074 | AC75: =SUM(AVERAGE(Y75, W75), AVERAGE(Y75, 8))/1.5 -> 7.3333333
B76: 73 | C76: LILY | H76: 7 | W76: 5 | X76: 1 | Y76: 6 | Z76: 9 | AA76: =SUM(Z76, AVERAGE(9, W76))/1.5-0.67 -> 9.9966667 | AB76: =SUM(X76, AA76, AVERAGE(Y76, W76))/2.25 -> 7.3318519 | AC76: =SUM(AVERAGE(Y76, W76), AVERAGE(Y76, 7))/1.5 -> 8
B77: 74 | C77: CLANCY | H77: 8 | W77: 4 | X77: 7 | Y77: 7 | Z77: 0 | AA77: =SUM(Z77, AVERAGE(5, W77))/1.5-0.67 -> 2.33 | AB77: =SUM(X77, AA77, AVERAGE(Y77, W77))/2.25 -> 6.5911111 | AC77: =SUM(AVERAGE(Y77, W77), AVERAGE(Y77, 8))/1.5 -> 8.6666667
B78: 75 | C78: MOE | H78: 3 | W78: 4 | X78: 6 | Y78: 5 | Z78: 6 | AA78: =SUM(Z78, AVERAGE(7, W78))/1.5-0.67 -> 6.9966667 | AB78: =SUM(X78, AA78, AVERAGE(Y78, W78))/2.25 -> 7.7762963 | AC78: =SUM(AVERAGE(Y78, W78), AVERAGE(Y78, 3))/1.5 -> 5.6666667
B79: 76 | C79: JUJU | H79: 8 | W79: 3 | X79: 7 | Y79: 5 | Z79: 0 | AA79: =SUM(Z79, AVERAGE(5, W79))/1.5-0.67 -> 1.9966667 | AB79: =SUM(X79, AA79, AVERAGE(Y79, W79))/2.25 -> 5.7762963 | AC79: =SUM(AVERAGE(Y79, W79), AVERAGE(Y79, 8))/1.5 -> 7
B80: 77 | C80: OLLIE | H80: 8 | W80: 7 | X80: 4 | Y80: 2 | Z80: 4 | AA80: =SUM(Z80, AVERAGE(7, W80))/1.5-0.67 -> 6.6633333 | AB80: =SUM(X80, AA80, AVERAGE(Y80, W80))/2.25 -> 6.7392593 | AC80: =SUM(AVERAGE(Y80, W80), AVERAGE(Y80, 8))/1.5 -> 6.3333333
B81: 78 | C81: LUMI | H81: 8 | W81: 3 | X81: 7 | Y81: 5 | Z81: 0 | AA81: =SUM(Z81, AVERAGE(5, W81))/1.5-0.67 -> 1.9966667 | AB81: =SUM(X81, AA81, AVERAGE(Y81, W81))/2.25 -> 5.7762963 | AC81: =SUM(AVERAGE(Y81, W81), AVERAGE(Y81, 8))/1.5 -> 7
B82: 79 | C82: FINX | H82: 6 | W82: 4 | X82: 6 | Y82: 5 | Z82: 0 | AA82: =SUM(Z82, AVERAGE(7, W82))/1.5-0.67 -> 2.9966667 | AB82: =SUM(X82, AA82, AVERAGE(Y82, W82))/2.25 -> 5.9985185 | AC82: =SUM(AVERAGE(Y82, W82), AVERAGE(Y82, 6))/1.5 -> 6.6666667
B83: 80 | C83: JAE-YONG | H83: 8 | W83: 4 | X83: 7 | Y83: 3 | Z83: 0 | AA83: =SUM(Z83, AVERAGE(7, W83))/1.5-0.67 -> 2.9966667 | AB83: =SUM(X83, AA83, AVERAGE(Y83, W83))/2.25 -> 5.9985185 | AC83: =SUM(AVERAGE(Y83, W83), AVERAGE(Y83, 8))/1.5 -> 6
B84: 81 | C84: ALLI | H84: 7 | W84: 4 | X84: 1 | Y84: 5 | Z84: 6 | AA84: =SUM(Z84, AVERAGE(7, W84))/1.5-0.67 -> 6.9966667 | AB84: =SUM(X84, AA84, AVERAGE(Y84, W84))/2.25 -> 5.5540741 | AC84: =SUM(AVERAGE(Y84, W84), AVERAGE(Y84, 7))/1.5 -> 7
B85: 82 | C85: MINA | H85: 8 | W85: 4 | X85: 6 | Y85: 5 | Z85: 4 | AA85: =SUM(Z85, AVERAGE(7, W85))/1.5-0.67 -> 5.6633333 | AB85: =SUM(X85, AA85, AVERAGE(Y85, W85))/2.25 -> 7.1837037 | AC85: =SUM(AVERAGE(Y85, W85), AVERAGE(Y85, 8))/1.5 -> 7.3333333
B86: 83 | C86: ZIGGY | H86: 3 | W86: 3 | X86: 7 | Y86: 5 | Z86: 0 | AA86: =SUM(Z86, AVERAGE(7, W86))/1.5-0.67 -> 2.6633333 | AB86: =SUM(X86, AA86, AVERAGE(Y86, W86))/2.25 -> 6.0725926 | AC86: =SUM(AVERAGE(Y86, W86), AVERAGE(Y86, 3))/1.5 -> 5.3333333
B87: 84 | C87: GIGI | H87: 7 | W87: 5 | X87: 1 | Y87: 5 | Z87: 6 | AA87: =SUM(Z87, AVERAGE(9, W87))/1.5-0.67 -> 7.9966667 | AB87: =SUM(X87, AA87, AVERAGE(Y87, W87))/2.25 -> 6.2207407 | AC87: =SUM(AVERAGE(Y87, W87), AVERAGE(Y87, 7))/1.5 -> 7.3333333
B88: 85 | C88: GLOWBERT | H88: 8 | W88: 4 | X88: 6 | Y88: 3 | Z88: 0 | AA88: =SUM(Z88, AVERAGE(7, W88))/1.5-0.67 -> 2.9966667 | AB88: =SUM(X88, AA88, AVERAGE(Y88, W88))/2.25 -> 5.5540741 | AC88: =SUM(AVERAGE(Y88, W88), AVERAGE(Y88, 8))/1.5 -> 6
B89: 86 | C89: SPIKE | H89: 8 | W89: 3 | X89: 7 | Y89: 7 | Z89: 0 | AA89: =SUM(Z89, AVERAGE(5, W89))/1.5-0.67 -> 1.9966667 | AB89: =SUM(X89, AA89, AVERAGE(Y89, W89))/2.25 -> 6.2207407 | AC89: =SUM(AVERAGE(Y89, W89), AVERAGE(Y89, 8))/1.5 -> 8.3333333
B90: 87 | C90: CROW | H90: 7 | W90: 3 | X90: 6 | Y90: 6 | Z90: 7 | AA90: =SUM(Z90, AVERAGE(9, W90))/1.5-0.67 -> 7.9966667 | AB90: =SUM(X90, AA90, AVERAGE(Y90, W90))/2.25 -> 8.2207407 | AC90: =SUM(AVERAGE(Y90, W90), AVERAGE(Y90, 7))/1.5 -> 7.3333333
B91: 88 | C91: LEON | H91: 8 | W91: 4 | X91: 7 | Y91: 4 | Z91: 9 | AA91: =SUM(Z91, AVERAGE(9, W91))/1.5-0.67 -> 9.6633333 | AB91: =SUM(X91, AA91, AVERAGE(Y91, W91))/2.25 -> 9.1837037 | AC91: =SUM(AVERAGE(Y91, W91), AVERAGE(Y91, 8))/1.5 -> 6.6666667
B92: 89 | C92: SANDY | H92: 9 | W92: 5 | X92: 4 | Y92: 3 | Z92: 0 | AA92: =SUM(Z92, AVERAGE(7, W92))/1.5-0.67 -> 3.33 | AB92: =SUM(X92, AA92, AVERAGE(Y92, W92))/2.25 -> 5.0355556 | AC92: =SUM(AVERAGE(Y92, W92), AVERAGE(Y92, 9))/1.5 -> 6.6666667
B93: 90 | C93: AMBER | H93: 7 | W93: 3 | X93: 7 | Y93: 6 | Z93: 0 | AA93: =SUM(Z93, AVERAGE(5, W93))/1.5-0.67 -> 1.9966667 | AB93: =SUM(X93, AA93, AVERAGE(Y93, W93))/2.25 -> 5.9985185 | AC93: =SUM(AVERAGE(Y93, W93), AVERAGE(Y93, 7))/1.5 -> 7.3333333
B94: 91 | C94: MEG | H94: 6 | W94: 7 | X94: 6 | Y94: 7 | Z94: 0 | AA94: =SUM(Z94, AVERAGE(7, W94))/1.5-0.67 -> 3.9966667 | AB94: =SUM(X94, AA94, AVERAGE(Y94, W94))/2.25 -> 7.5540741 | AC94: =SUM(AVERAGE(Y94, W94), AVERAGE(Y94, 6))/1.5 -> 9
B95: 92 | C95: WATTSON | H95: 8 | W95: 3 | X95: 7 | Y95: 5 | Z95: 2 | AA95: =SUM(Z95, AVERAGE(4, W95))/1.5-0.67 -> 2.9966667 | AB95: =SUM(X95, AA95, AVERAGE(Y95, W95))/2.25 -> 6.2207407 | AC95: =SUM(AVERAGE(Y95, W95), AVERAGE(Y95, 8))/1.5 -> 7
B96: 93 | C96: CHESTER | H96: 7 | W96: 4 | X96: 6 | Y96: 7 | Z96: 0 | AA96: =SUM(Z96, AVERAGE(7, W96))/1.5-0.67 -> 2.9966667 | AB96: =SUM(X96, AA96, AVERAGE(Y96, W96))/2.25 -> 6.442963 | AC96: =SUM(AVERAGE(Y96, W96), AVERAGE(Y96, 7))/1.5 -> 8.3333333
B97: 94 | C97: CORDELIUS | H97: 8 | W97: 4 | X97: 4 | Y97: 6 | Z97: 8 | AA97: =SUM(Z97, AVERAGE(9, W97))/1.5-0.67 -> 8.9966667 | AB97: =SUM(X97, AA97, AVERAGE(Y97, W97))/2.25 -> 7.9985185 | AC97: =SUM(AVERAGE(Y97, W97), AVERAGE(Y97, 8))/1.5 -> 8
B98: 95 | C98: KIT | H98: 8 | W98: 3 | X98: 4 | Y98: 5 | Z98: 7 | AA98: =SUM(Z98, AVERAGE(9, W98))/1.5-0.67 -> 7.9966667 | AB98: =SUM(X98, AA98, AVERAGE(Y98, W98))/2.25 -> 7.1096296 | AC98: =SUM(AVERAGE(Y98, W98), AVERAGE(Y98, 8))/1.5 -> 7
B99: 96 | C99: DRACO | H99: 5 | W99: 8 | X99: 3 | Y99: 5 | Z99: 0 | AA99: =SUM(Z99, AVERAGE(5, W99))/1.5-0.67 -> 3.6633333 | AB99: =SUM(X99, AA99, AVERAGE(Y99, W99))/2.25 -> 5.8503704 | AC99: =SUM(AVERAGE(Y99, W99), AVERAGE(Y99, 5))/1.5 -> 7.6666667
B100: 97 | C100: KENJI | H100: 7 | W100: 5 | X100: 2 | Y100: 4 | Z100: 3 | AA100: =SUM(Z100, AVERAGE(9, W100))/1.5-0.67 -> 5.9966667 | AB100: =SUM(X100, AA100, AVERAGE(Y100, W100))/2.25 -> 5.5540741 | AC100: =SUM(AVERAGE(Y100, W100), AVERAGE(Y100, 7))/1.5 -> 6.6666667
B101: 98 | C101: PIERCE | H101: 9 | W101: 3 | X101: 9 | Y101: 6 | Z101: 0 | AA101: =SUM(Z101, AVERAGE(5, W101))/1.5-0.67 -> 1.9966667 | AB101: =SUM(X101, AA101, AVERAGE(Y101, W101))/2.25 -> 6.8874074 | AC101: =SUM(AVERAGE(Y101, W101), AVERAGE(Y101, 9))/1.5 -> 8
...

Sheet DADOS UTEISA
B2: VELOCIDADES RECARGA
B3: MT-RAPIDO | C3: 0.66t p/s
B4: RAPIDO | C4: 0.57t p/s
B5: NORMAL | C5: 0.50t p/s
B6: LENTO | C6: 0.43t p/s
B7: MT-LENTO | C7: 0.33t p/s

Sheet Planilha3
A2: ID | B2: (Tudo)
B4: Nome Brawler | F4: Nome Brawler | G4: NOME ACESSÓRIO | K4: Nome Brawler | L4: NOME ACESSÓRIO | P4: Nome Brawler | Q4: NOME PODER DE ESTRELA | U4: Nome Brawler | V4: NOME PODER DE ESTRELA | Z4: Nome Brawler | AA4: NOME HIPERCARGA
A5: Valores | B5: TICK | C5: Total Geral | F5: TICK | G5: TICK Total | H5: Total Geral | K5: TICK | L5: TICK Total | M5: Total Geral | P5: TICK | Q5: TICK Total | R5: Total Geral | U5: TICK | V5: TICK Total | W5: Total Geral | Z5: TICK | AA5: TICK Total | AB5: Total Geral
A6: Soma de PROJETEIS-PARA-SUPER | B6: 6 | C6: 6 | E6: Valores | F6: MINE MANIA | J6: Valores | K6: LAST HURRAH | O6: Valores | P6: WELL OILED | T6: Valores | U6: AUTOMA-TICK RELOAD | Y6: Valores | Z6: HEADSTRONG
A7: Soma de SUPERS-PARA-HIPERCARGA | B7: 2.3333333 | C7: 2.3333333 | E7: Soma de PROJETEIS-PARA-SUPER | F7: 0 | G7: 0 | H7: 0 | J7: Soma de PROJETEIS-PARA-SUPER | K7: 0 | L7: 0 | M7: 0 | O7: Soma de PROJETEIS-PARA-SUPER | P7: 0 | Q7: 0 | R7: 0 | T7: Soma de PROJETEIS-PARA-SUPER | U7: 0 | V7: 0 | W7: 0 | Y7: Soma de PROJETEIS-PARA-SUPER | Z7: 0 | AA7: 0 | AB7: 0
A8: Soma de DANO-PROJETIL | B8: 1360 | C8: 1360 | E8: Soma de SUPERS-PARA-HIPERCARGA | F8: 0 | G8: 0 | H8: 0 | J8: Soma de SUPERS-PARA-HIPERCARGA | K8: 0 | L8: 0 | M8: 0 | O8: Soma de SUPERS-PARA-HIPERCARGA | P8: 0 | Q8: 0 | R8: 0 | T8: Soma de SUPERS-PARA-HIPERCARGA | U8: 0 | V8: 0 | W8: 0 | Y8: Soma de SUPERS-PARA-HIPERCARGA | Z8: 0 | AA8: 0 | AB8: 0
A9: Soma de TIROS-DADOS-EM-5-SEGUNDOS | B9: 1.65 | C9: 1.65 | E9: Soma de DANO-PROJETIL | F9: 0 | G9: 0 | H9: 0 | J9: Soma de DANO-PROJETIL | K9: 0 | L9: 0 | M9: 0 | O9: Soma de DANO-PROJETIL | P9: 0 | Q9: 0 | R9: 0 | T9: Soma de DANO-PROJETIL | U9: 0 | V9: 0 | W9: 0 | Y9: Soma de DANO-PROJETIL | Z9: 29.142857 | AA9: 29.142857 | AB9: 29.142857
A10: Soma de MÉDIA-PROJETEIS-POR-TIRO | B10: 2 | C10: 2 | E10: Soma de TIROS-DADOS-EM-5-SEGUNDOS | F10: 0 | G10: 0 | H10: 0 | J10: Soma de TIROS-DADOS-EM-5-SEGUNDOS | K10: 0 | L10: 0 | M10: 0 | O10: Soma de TIROS-DADOS-EM-5-SEGUNDOS | P10: 0 | Q10: 0 | R10: 0 | T10: Soma de TIROS-DADOS-EM-5-SEGUNDOS | U10: 0.1485 | V10: 0.1485 | W10: 0.1485 | Y10: Soma de TIROS-DADOS-EM-5-SEGUNDOS | Z10: 0 | AA10: 0 | AB10: 0
A11: Soma de CURTO-ALCANCE-QUANT-PROJETIL-MEDIO | B11: 1 | C11: 1 | E11: Soma de MÉDIA-PROJETEIS-POR-TIRO | F11: 0.66666667 | G11: 0.66666667 | H11: 0.66666667 | J11: Soma de MÉDIA-PROJETEIS-POR-TIRO | K11: 0 | L11: 0 | M11: 0 | O11: Soma de MÉDIA-PROJETEIS-POR-TIRO | P11: 0 | Q11: 0 | R11: 0 | T11: Soma de MÉDIA-PROJETEIS-POR-TIRO | U11: 0 | V11: 0 | W11: 0 | Y11: Soma de MÉDIA-PROJETEIS-POR-TIRO | Z11: 0 | AA11: 0 | AB11: 0
A12: Soma de MEDIO-ALCANCE-QUANT-PROJETIL-MEDIO | B12: 2 | C12: 2 | E12: Soma de CURTO-ALCANCE-QUANT-PROJETIL-MEDIO | F12: 0.33333333 | G12: 0.33333333 | H12: 0.33333333 | J12: Soma de CURTO-ALCANCE-QUANT-PROJETIL-MEDIO | K12: 0 | L12: 0 | M12: 0 | O12: Soma de CURTO-ALCANCE-QUANT-PROJETIL-MEDIO | P12: 0 | Q12: 0 | R12: 0 | T12: Soma de CURTO-ALCANCE-QUANT-PROJETIL-MEDIO | U12: 0 | V12: 0 | W12: 0 | Y12: Soma de CURTO-ALCANCE-QUANT-PROJETIL-MEDIO | Z12: 0 | AA12: 0 | AB12: 0
A13: Soma de LONGO-ALCANCE-QUANT-PROJETIL-MEDIO | B13: 1 | C13: 1 | E13: Soma de MEDIO-ALCANCE-QUANT-PROJETIL-MEDIO | F13: 0.66666667 | G13: 0.66666667 | H13: 0.66666667 | J13: Soma de MEDIO-ALCANCE-QUANT-PROJETIL-MEDIO | K13: 0 | L13: 0 | M13: 0 | O13: Soma de MEDIO-ALCANCE-QUANT-PROJETIL-MEDIO | P13: 0 | Q13: 0 | R13: 0 | T13: Soma de MEDIO-ALCANCE-QUANT-PROJETIL-MEDIO | U13: 0 | V13: 0 | W13: 0 | Y13: Soma de MEDIO-ALCANCE-QUANT-PROJETIL-MEDIO | Z13: 0 | AA13: 0 | AB13: 0
A14: Soma de MTLONGO-ALCANCE-QUANT-PROJETIL-MEDIO | B14: 1 | C14: 1 | E14: Soma de LONGO-ALCANCE-QUANT-PROJETIL-MEDIO | F14: 0.33333333 | G14: 0.33333333 | H14: 0.33333333 | J14: Soma de LONGO-ALCANCE-QUANT-PROJETIL-MEDIO | K14: 0 | L14: 0 | M14: 0 | O14: Soma de LONGO-ALCANCE-QUANT-PROJETIL-MEDIO | P14: 0 | Q14: 0 | R14: 0 | T14: Soma de LONGO-ALCANCE-QUANT-PROJETIL-MEDIO | U14: 0 | V14: 0 | W14: 0 | Y14: Soma de LONGO-ALCANCE-QUANT-PROJETIL-MEDIO | Z14: 0 | AA14: 0 | AB14: 0
A15: Soma de CARREGAMENTO-SUPER-AO-ACERTAR-EM-PROJETEIS | B15: 2 | C15: 2 | E15: Soma de MTLONGO-ALCANCE-QUANT-PROJETIL-MEDIO | F15: 0.33333333 | G15: 0.33333333 | H15: 0.33333333 | J15: Soma de MTLONGO-ALCANCE-QUANT-PROJETIL-MEDIO | K15: 0 | L15: 0 | M15: 0 | O15: Soma de MTLONGO-ALCANCE-QUANT-PROJETIL-MEDIO | P15: 0 | Q15: 0 | R15: 0 | T15: Soma de MTLONGO-ALCANCE-QUANT-PROJETIL-MEDIO | U15: 0 | V15: 0 | W15: 0 | Y15: Soma de MTLONGO-ALCANCE-QUANT-PROJETIL-MEDIO | Z15: 0 | AA15: 0 | AB15: 0
A16: Soma de CURTO-ALCANCE-DANO-SUPER-MEDIO | B16: 4000 | C16: 4000 | E16: Soma de CARREGAMENTO-SUPER-AO-ACERTAR-EM-PROJETEIS | F16: 0 | G16: 0 | H16: 0 | J16: Soma de CARREGAMENTO-SUPER-AO-ACERTAR-EM-PROJETEIS | K16: 0 | L16: 0 | M16: 0 | O16: Soma de CARREGAMENTO-SUPER-AO-ACERTAR-EM-PROJETEIS | P16: 0 | Q16: 0 | R16: 0 | T16: Soma de CARREGAMENTO-SUPER-AO-ACERTAR-EM-PROJETEIS | U16: 0 | V16: 0 | W16: 0 | Y16: Soma de CARREGAMENTO-SUPER-AO-ACERTAR-EM-PROJETEIS | Z16: 0 | AA16: 0 | AB16: 0
A17: Soma de MEDIO-ALCANCE-DANO-SUPER-MEDIO | B17: 3000 | C17: 3000 | E17: Soma de CURTO-ALCANCE-DANO-SUPER-MEDIO | F17: 0 | G17: 0 | H17: 0 | J17: Soma de CURTO-ALCANCE-DANO-SUPER-MEDIO | K17: 0 | L17: 0 | M17: 0 | O17: Soma de CURTO-ALCANCE-DANO-SUPER-MEDIO | P17: 0 | Q17: 0 | R17: 0 | T17: Soma de CURTO-ALCANCE-DANO-SUPER-MEDIO | U17: 0 | V17: 0 | W17: 0 | Y17: Soma de CURTO-ALCANCE-DANO-SUPER-MEDIO | Z17: 1800 | AA17: 1800 | AB17: 1800
A18: Soma de LONGO-ALCANCE-DANO-SUPER-MEDIO | B18: 2000 | C18: 2000 | E18: Soma de MEDIO-ALCANCE-DANO-SUPER-MEDIO | F18: 0 | G18: 0 | H18: 0 | J18: Soma de MEDIO-ALCANCE-DANO-SUPER-MEDIO | K18: 0 | L18: 0 | M18: 0 | O18: Soma de MEDIO-ALCANCE-DANO-SUPER-MEDIO | P18: 0 | Q18: 0 | R18: 0 | T18: Soma de MEDIO-ALCANCE-DANO-SUPER-MEDIO | U18: 0 | V18: 0 | W18: 0 | Y18: Soma de MEDIO-ALCANCE-DANO-SUPER-MEDIO | Z18: 1350 | AA18: 1350 | AB18: 1350
... A63: Soma de COUNTER-CANCELAMENTO-ATAQUES | B63: 7 | C63: 7 | E63: Soma de CANCELAMENTO-ATAQUES | F63: 0 | G63: 0 | H63: 0 | J63: Soma de CANCELAMENTO-ATAQUES | K63: 1 | L63: 1 | M63: 1 | O63: Soma de CANCELAMENTO-ATAQUES | P63: 0 | Q63: 0 | R63: 0 | T63: Soma de CANCELAMENTO-ATAQUES | U63: 0 | V63: 0 | W63: 0 | Y63: Soma de CANCELAMENTO-ATAQUES | Z63: 0 | AA63: 0 | AB63: 0
A64: Contagem de ESPAÇO | E64: Soma de COUNTER-CANCELAMENTO-ATAQUES | F64: 0 | G64: 0 | H64: 0 | J64: Soma de COUNTER-CANCELAMENTO-ATAQUES | K64: 0 | L64: 0 | M64: 0 | O64: Soma de COUNTER-CANCELAMENTO-ATAQUES | P64: 0 | Q64: 0 | R64: 0 | T64: Soma de COUNTER-CANCELAMENTO-ATAQUES | U64: 0 | V64: 0 | W64: 0 | Y64: Soma de COUNTER-CANCELAMENTO-ATAQUES | Z64: 0 | AA64: 0 | AB64: 0
A65: Contagem de ESPAÇO2
A66: Contagem de ESPAÇO3
A67: Contagem de ESPAÇO4
A68: Soma de CURTO-ALCANCE-5-SEC-DANO-TOTAL-1-SUPER | B68: 8488 | C68: 8488
A69: Soma de MEDIO-ALCANCE-5-SEC-DANO-TOTAL-1-SUPER | B69: 7488 | C69: 7488
A70: Soma de LONGO-ALCANCE-5-SEC-DANO-TOTAL-1-SUPER | B70: 6488 | C70: 6488
A71: Soma de MT-LONGO-ALCANCE-5-SEC-DANO-TOTAL-1-SUPER | B71: 5488 | C71: 5488
A72: Soma de CURTO-ALCANCE-5-SEC-DANO-MEDIO | B72: 3118.2222 | C72: 3118.2222
A73: Soma de MEDIO-ALCANCE-5-SEC-DANO-MEDIO | B73: 4297.0667 | C73: 4297.0667
A74: Soma de LONGO-ALCANCE-5-SEC-DANO-MEDIO | B74: 1496 | C74: 1496
A75: Soma de MT-LONGO-ALCANCE-5-SEC-DANO-MEDIO | B75: 1090.4444 | C75: 1090.4444
A76: Soma de CURTO-ALCANCE-DANO-RESISTENCIA | B76: 2672.7619 | C76: 2672.7619
A77: Soma de MEDIO-ALCANCE-DANO-RESISTENCIA | B77: 3683.2 | C77: 3683.2
A78: Soma de LONGO-ALCANCE-DANO-RESISTENCIA | B78: 1282.2857 | C78: 1282.2857
A79: Soma de MT-LONGO-ALCANCE-DANO-RESISTENCIA | B79: 1908.2778 | C79: 1908.2778
... A90: Soma de Punição-Agrupamento | B90: 1.1111111 | C90: 1.1111111

Sheet BRAWLERS OFICIAL
O1: APROX | V1: APROX
B2: ID | C2: name | D2: main_specific_weakness | E2: specific_weakness | F2: _necessary_projectiles_to_charge_super | G2: _necessary_supers_to_charge_hipercharge | H2: _projectile_damage | I2: _shots_per_five_seconds | J2: _average_projectiles_per_shot | K2: _projectiles_per_shot_in_short_range | L2: _projectiles_per_shot_in_medium_range | M2: _projectiles_per_shot_in_long_range | N2: _projectiles_per_shot_in_very_long_range | O2: _shotting_time | P2: _auto_charge_super | Q2: super_damage_in_short_range | R2: super_damage_in_medium_range | S2: super_damage_in_long_range | T2: super_damage_in_very_long_range | U2: average_super_damage | V2: _super_time | W2: ocasional_damage | X2: _durability | Y2: _attack_distance | Z2: retreat_button | AA2: wide_attack | AB2: _indirect_damage_efficiency | AC2: area_denial | AD2: enemy_position_manipulation | AE2: water_walking | AF2: counter_water_walking | AG2: wall_break_efficiency | AH2: grass_break_efficiency | AI2: cover_creation_efficiency | AJ2: _movement_speed | AK2: _surprise_attack_power | AL2: _surprise_attack | AM2: _frequency_of_pets_generation | AN2: _accumulation_of_pets | AO2: _deteriorability_of_pets | AP2: _pets_resistence | AQ2: _pets_damage | AR2: _pets_range | AS2: _pets_speed | AT2: _pets_proximity | AU2: _increased_damage_when_grouped | AV2: grass_vision | AW2: circumstantiality_of_overall_proficiency | AX2: explanation_for_circumstantiality | AY2: heal_buffing | AZ2: counter_heal_buffing | BA2: shield_buffing | BB2: damage_buffing | BC2: counter_damage_buffing | BD2: speed_buffing | BE2: invisibility_buffing | BF2: positioning_buffing | BG2: poison_debuffing | BH2: counter_poison_debuffing | BI2: stun_debuffing | BJ2: counter_stun_debuffing | BK2: slowness_debuffing | BL2: counter_slowness_debuffing | BM2: attacks_canceling | BN2: counter_attacks_canceling | BO2: block_enemies | BP2: object_burst_damage_in_short_range | BQ2: object_burst_damage_in_medium_range | BR2: object_burst_damage_in_long_range | BS2: object_burst_damage_in_very_long_range | BT2: usual_burst_damage_in_short_range | BU2: usual_burst_damage_in_medium_range | BV2: usual_burst_damage_in_long_range | BW2: usual_burst_damage_in_very_long_range | BX2: ESPAÇO | BY2: balance_between_damage_and_durability_in_short_range | BZ2: balance_between_damage_and_durability_in_medium_range | CA2: balance_between_damage_and_durability_in_long_range | CB2: balance_between_damage_and_durability_in_very_long_range | CC2: ESPAÇO | CD2: surprise_attack_power_in_short_range | CE2: surprise_attack_power_in_medium_range | CF2: surprise_attack_power_in_long_range | CG2: surprise_attack_power_in_very_long_range | CH2: ESPAÇO | CI2: easy_approach | CJ2: pressure | CK2: area_control | CL2: indirect_damage | CM2: multiple_pets_generation | CN2: durable_pets_generation | CO2: groupment_punishment | CP2: none
B3: 28 | C3: NANI | D3: usual_burst_damage_in_very_long_range | E3: usual_burst_damage_in_long_range | F3: 5 | G3: =17/F3 -> 3.4 | H3: 1600 | I3: =(2.5-((O3*2.5)/2)) -> 1.5 | J3: 3 | K3: 3 | L3: 2.5 | M3: 1.5 | N3: 1 | O3: =2.4 / 3 -> 0.8 | P3: =1-(1*(V3/2)) -> 0.95 | Q3: 3600 | R3: 2700 | S3: 1800 | T3: 1800 | U3: 3600 | V3: 0.1 | W3: 0 | X3: =5000/1400 -> 3.5714286 | Y3: 10 | Z3: =(5 + 2 + 3)/3 -> 3.3333333 | AA3: 2 | AB3: 1 | AC3: 0 | AD3: 1 | AE3: 0 | AF3: 6 | AG3: 1 | AH3: 1 | AI3: 0 | AJ3: 5 | AK3: 0 | AL3: =(BK3/5+1)*AK3 -> 0 | AM3: 0 | AN3: 0 | AO3: 0 | AP3: 0 | AQ3: 0 | AR3: 0 | AS3: 0 | AT3: 0 | AU3: 0 | AV3: 0 | AW3: 0 | AX3: none | AY3: 0 | AZ3: 0 | BA3: 0 | BB3: 0 | BC3: 0 | BD3: 0 | BE3: 0 | BF3: 0 | BG3: 0 | BH3: 0 | BI3: 1 | BJ3: 0 | BK3: 0 | BL3: 0 | BM3: 1 | BN3: 3 | BO3: 0 | BP3: =(((J3*I3*H3)+Q3+(W3/4))/1500)+((AQ3*(AR3/3))/5) -> 7.2 | BQ3: =(((J3*I3*H3)+R3+(W3/4))/1500)+((AQ3*(AR3/5))/5) -> 6.6 | BR3: =((((J3*(Y3/7))*I3*H3)+S3+(W3/4))/1500)+((AQ3*(AR3/7))/5) -> 8.0571429 | BS3: =((((J3*(Y3/9))*I3*H3)+T3+(W3/4))/1200)+((AQ3*(AR3/9))/5) -> 8.1666667 | BT3: =(((K3*I3*H3)+(((I3*K3+P3)/F3)*Q3))/(1.25-((K3-J3)/4))+(W3/4))/1300 -> 6.8455385 | BU3: =(((L3*I3*H3)+(((I3*L3+P3)/F3)*(R3)))/(1.25-((L3-J3)/4))+(W3/4))/800 -> 7.7618182 | BV3: =(((M3*I3*H3)+(((I3*M3+P3)/F3)*(S3)))/(1.25-((M3-J3)/4))+(W3/4))/400 -> 7.3107692 | BW3: =(((N3*I3*H3)+(((I3*N3+P3)/F3)*(T3)))/(1.25-((N3-J3)/4))+(W3/4))/250 -> 7.5017143 | BY3: =((BT3/2)*X3)/2.5 -> 4.8896703 | BZ3: =((BU3)*(X3/2))/3.5 -> 3.9601113 | CA3: =((BV3*1.5)*(X3/3))/3 -> 4.3516484 | CB3: =((BW3*2)*(X3/4))/5 -> 2.6791837 | CD3: =(AL3*BY3)/3 -> 0 | CE3: =(AL3*BZ3)/2.7 -> 0 | CF3: =(AL3*CA3)/2.5 -> 0 | CG3: =(AL3*CB3)/1.9 -> 0 | CI3: =SUM(AL3*4, AJ3*2, X3*2, BD3*2)/6 -> 2.8571429 | CJ3: =SUM(AVERAGE(AA3, (AVERAGE(BY3, BZ3))/1.5)*4, X3*4, Y3*2, CI3*2)/9 -> 5.5444283 | CK3: =SUM(AC3*5, (AVERAGE(BY3, BZ3, CA3, CB3)/2)*2, BD3*2)/6 -> 0.66169224 | CL3: =IF(AB3<6, (AB3/2)*U3/2000, IF(AB3<7, (AB3/2)*(AVERAGE(BT3, BU3, BV3, BW3)/2.5), (AB3/2)*(AVERAGE(BT3, BU3, BV3, BW3)/2.5)+(U3/2000))) -> 0.9 | CM3: =SUM(AM3*4, AP3*2/(AO3+1), AN3*4)/7.5 -> 0 | CN3: =SUM(AP3*3, AQ3*2, AR3*2, AS3*2, AM3*3)/8 -> 0 | CO3: =(SUM(AA3*2, BK3*1, AU3*3)/4.5)*1.5 -> 1.3333333
B4: 44 | C4: ANGELO | D4: surprise_attack_power_in_long_range | E4: surprise_attack_power_in_medium_range | F4: 3 | G4: =9/F4 -> 3 | H4: 4000 | I4: =1.2 -> 1.2 | J4: 1 | K4: 1 | L4: 0.7 | M4: 0.5 | N4: 0.4 | O4: =12 / 3 -> 4 | P4: =0-(0*(V4/2)) -> 0 | Q4: 2000 | R4: 2000 | S4: 2000 | T4: 2000 | U4: 2000 | V4: 0.1 | W4: 0 | X4: =6200/1400 -> 4.4285714 | Y4: 9 | Z4: 0 | AA4: 0 | AB4: 0 | AC4: =(3 + 2 + 8 + 0)/4 -> 3.25 | AD4: 0 | AE4: 1 | AF4: 7 | AG4: 0 | AH4: 0 | AI4: 0 | AJ4: 9 | AK4: 0 | AL4: =(BK4/5+1)*AK4 -> 0 | AM4: 0 | AN4: 0 | AO4: 0 | AP4: 0 | AQ4: 0 | AR4: 0 | AS4: 0 | AT4: 0 | AU4: 0 | AV4: 0 | AW4: 2.5 | AX4: Some of this brawler's abilities are only available on maps with water. | AY4: 0 | AZ4: 0 | BA4: 0 | BB4: 0 | BC4: 0 | BD4: 0 | BE4: 0 | BF4: 0 | BG4: 4 | BH4: 0 | BI4: 0 | BJ4: 0 | BK4: 0 | BL4: 0 | BM4: 0 | BN4: 5 | BO4: 0 | BP4: =(((J4*I4*H4)+Q4+(W4/4))/1500)+((AQ4*(AR4/3))/5) -> 4.5333333 | BQ4: =(((J4*I4*H4)+R4+(W4/4))/1500)+((AQ4*(AR4/5))/5) -> 4.5333333 | BR4: =((((J4*(Y4/7))*I4*H4)+S4+(W4/4))/1500)+((AQ4*(AR4/7))/5) -> 5.447619 | BS4: =((((J4*(Y4/9))*I4*H4)+T4+(W4/4))/1200)+((AQ4*(AR4/9))/5) -> 5.6666667 | BT4: =(((K4*I4*H4)+(((I4*K4+P4)/F4)*Q4))/(1.25-((K4-J4)/4))+(W4/4))/1300 -> 3.4461538 | BU4: =(((L4*I4*H4)+(((I4*L4+P4)/F4)*(R4)))/(1.25-((L4-J4)/4))+(W4/4))/800 -> 3.6981132 | BV4: =(((M4*I4*H4)+(((I4*M4+P4)/F4)*(S4)))/(1.25-((M4-J4)/4))+(W4/4))/400 -> 5.0909091 | BW4: =(((N4*I4*H4)+(((I4*N4+P4)/F4)*(T4)))/(1.25-((N4-J4)/4))+(W4/4))/250 -> 6.4 | BY4: =((BT4/2)*X4)/2.5 -> 3.0523077 | BZ4: =((BU4)*(X4/2))/3.5 -> 2.3396226 | CA4: =((BV4*1.5)*(X4/3))/3 -> 3.7575758 | CB4: =((BW4*2)*(X4/4))/5 -> 2.8342857 | CD4: =(AL4*BY4)/3 -> 0 | CE4: =(AL4*BZ4)/2.7 -> 0 | CF4: =(AL4*CA4)/2.5 -> 0 | CG4: =(AL4*CB4)/1.9 -> 0 | CI4: =SUM(AL4*4, AJ4*2, X4*2, BD4*2)/6 -> 4.4761905 | CJ4: =SUM(AVERAGE(AA4, (AVERAGE(BY4, BZ4))/1.5)*4, X4*4, Y4*2, CI4*2)/9 -> 5.3623652 | CK4: =SUM(AC4*5, (AVERAGE(BY4, BZ4, CA4, CB4)/2)*2, BD4*2)/6 -> 3.207658 | CL4: =IF(AB4<6, (AB4/2)*U4/2000, IF(AB4<7, (AB4/2)*(AVERAGE(BT4, BU4, BV4, BW4)/2.5), (AB4/2)*(AVERAGE(BT4, BU4, BV4, BW4)/2.5)+(U4/2000))) -> 0 | CM4: =SUM(AM4*4, AP4*2/(AO4+1), AN4*4)/7.5 -> 0 | CN4: =SUM(AP4*3, AQ4*2, AR4*2, AS4*2, AM4*3)/8 -> 0 | CO4: =(SUM(AA4*2, BK4*1, AU4*3)/4.5)*1.5 -> 0
B5: 14 | C5: RICO | D5: wall_break_efficiency | E5: easy_approach | F5: 16 | G5: =36/F5 -> 2.25 | H5: 600 | I5: =(3.3-((O5*3.3)/2)) -> 1.87 | J5: 5 | K5: 5 | L5: 4 | M5: 2 | N5: 0.8 | O5: =2.6 / 3 -> 0.86666667 | P5: =16-(16*(V5/2)) -> 8 | Q5: 4320 | R5: 6480 | S5: 4320 | T5: 2160 | U5: 8640 | V5: 1 | W5: 0 | X5: =6000/1400 -> 4.2857143 | Y5: 8 | Z5: 0 | AA5: 3 | AB5: 0 | AC5: 0 | AD5: 0 | AE5: 0 | AF5: 6 | AG5: 0 | AH5: 0 | AI5: 0 | AJ5: 5 | AK5: 0 | AL5: =(BK5/5+1)*AK5 -> 0 | AM5: 0 | AN5: 0 | AO5: 0 | AP5: 0 | AQ5: 0 | AR5: 0 | AS5: 0 | AT5: 0 | AU5: 3 | AV5: 0 | AW5: 0 | AX5: none | AY5: 0 | AZ5: 0 | BA5: 0 | BB5: 0 | BC5: 0 | BD5: 0 | BE5: 0 | BF5: 0 | BG5: 0 | BH5: 0 | BI5: 0 | BJ5: 0 | BK5: 0 | BL5: 0 | BM5: 0 | BN5: 6 | BO5: 0 | BP5: =(((J5*I5*H5)+Q5+(W5/4))/1500)+((AQ5*(AR5/3))/5) -> 6.62 | BQ5: =(((J5*I5*H5)+R5+(W5/4))/1500)+((AQ5*(AR5/5))/5) -> 8.06 | BR5: =((((J5*(Y5/7))*I5*H5)+S5+(W5/4))/1500)+((AQ5*(AR5/7))/5) -> 7.1542857 | BS5: =((((J5*(Y5/9))*I5*H5)+T5+(W5/4))/1200)+((AQ5*(AR5/9))/5) -> 5.9555556 | BT5: =(((K5*I5*H5)+(((I5*K5+P5)/F5)*Q5))/(1.25-((K5-J5)/4))+(W5/4))/1300 -> 6.3350769 | BU5: =(((L5*I5*H5)+(((I5*L5+P5)/F5)*(R5)))/(1.25-((L5-J5)/4))+(W5/4))/800 -> 8.9645 | BV5: =(((M5*I5*H5)+(((I5*M5+P5)/F5)*(S5)))/(1.25-((M5-J5)/4))+(W5/4))/400 -> 6.76725 | BW5: =(((N5*I5*H5)+(((I5*N5+P5)/F5)*(T5)))/(1.25-((N5-J5)/4))+(W5/4))/250 -> 3.7905391 | BY5: =((BT5/2)*X5)/2.5 -> 5.4300659 | BZ5: =((BU5)*(X5/2))/3.5 -> 5.4884694 | CA5: =((BV5*1.5)*(X5/3))/3 -> 4.83375 | CB5: =((BW5*2)*(X5/4))/5 -> 1.6245168 | CD5: =(AL5*BY5)/3 -> 0 | CE5: =(AL5*BZ5)/2.7 -> 0 | CF5: =(AL5*CA5)/2.5 -> 0 | CG5: =(AL5*CB5)/1.9 -> 0 | CI5: =SUM(AL5*4, AJ5*2, X5*2, BD5*2)/6 -> 3.0952381 | CJ5: =SUM(AVERAGE(AA5, (AVERAGE(BY5, BZ5))/1.5)*4, X5*4, Y5*2, CI5*2)/9 -> 5.8458174 | CK5: =SUM(AC5*5, (AVERAGE(BY5, BZ5, CA5, CB5)/2)*2, BD5*2)/6 -> 0.72403342 | CL5: =IF(AB5<6, (AB5/2)*U5/2000, IF(AB5<7, (AB5/2)*(AVERAGE(BT5, BU5, BV5, BW5)/2.5), (AB5/2)*(AVERAGE(BT5, BU5, BV5, BW5)/2.5)+(U5/2000))) -> 0 | CM5: =SUM(AM5*4, AP5*2/(AO5+1), AN5*4)/7.5 -> 0 | CN5: =SUM(AP5*3, AQ5*2, AR5*2, AS5*2, AM5*3)/8 -> 0 | CO5: =(SUM(AA5*2, BK5*1, AU5*3)/4.5)*1.5 -> 5
B6: 86 | C6: SPIKE | D6: indirect_damage | E6: balance_between_damage_and_durability_in_very_long_range | F6: 8 | G6: =26/F6 -> 3.25 | H6: 980 | I6: =(2.15-((O6*2.15)/2)) -> 1.5408333 | J6: 3 | K6: 4 | L6: 2 | M6: 1.5 | N6: 0.5 | O6: =1.7 / 3 -> 0.56666667 | P6: =2.5-(2.5*(V6/2)) -> 2.125 | Q6: 4000 | R6: 3200 | S6: 1600 | T6: 800 | U6: 4000 | V6: 0.3 | W6: 0 | X6: =6000/1400 -> 4.2857143 | Y6: 7 | Z6: 0 | AA6: 4 | AB6: 3 | AC6: =(9 + 4 + 5 + 7)/4 -> 6.25 | AD6: 0 | AE6: 0 | AF6: 6 | AG6: 0 | AH6: 0 | AI6: 0 | AJ6: 5 | AK6: 0 | AL6: =(BK6/5+1)*AK6 -> 0 | AM6: 0 | AN6: 0 | AO6: 0 | AP6: 0 | AQ6: 0 | AR6: 0 | AS6: 0 | AT6: 0 | AU6: 4 | AV6: 0 | AW6: 0 | AX6: none | AY6: 0 | AZ6: 0 | BA6: 0 | BB6: 0 | BC6: 0 | BD6: 0 | BE6: 0 | BF6: 0 | BG6: 0 | BH6: 0 | BI6: 0 | BJ6: 0 | BK6: =(5 + 5 + 10)/3 -> 6.6666667 | BL6: 0 | BM6: 0 | BN6: 7 | BO6: 0 | BP6: =(((J6*I6*H6)+Q6+(W6/4))/1500)+((AQ6*(AR6/3))/5) -> 5.6867 | BQ6: =(((J6*I6*H6)+R6+(W6/4))/1500)+((AQ6*(AR6/5))/5) -> 5.1533667 | BR6: =((((J6*(Y6/7))*I6*H6)+S6+(W6/4))/1500)+((AQ6*(AR6/7))/5) -> 4.0867 | BS6: =((((J6*(Y6/9))*I6*H6)+T6+(W6/4))/1200)+((AQ6*(AR6/9))/5) -> 3.6028102 | BT6: =(((K6*I6*H6)+(((I6*K6+P6)/F6)*Q6))/(1.25-((K6-J6)/4))+(W6/4))/1300 -> 7.8340256 | BU6: =(((L6*I6*H6)+(((I6*L6+P6)/F6)*(R6)))/(1.25-((L6-J6)/4))+(W6/4))/800 -> 4.25225 | BV6: =(((M6*I6*H6)+(((I6*M6+P6)/F6)*(S6)))/(1.25-((M6-J6)/4))+(W6/4))/400 -> 4.8496538 | BW6: =(((N6*I6*H6)+(((I6*N6+P6)/F6)*(T6)))/(1.25-((N6-J6)/4))+(W6/4))/250 -> 2.2283733 | BY6: =((BT6/2)*X6)/2.5 -> 6.7148791 | BZ6: =((BU6)*(X6/2))/3.5 -> 2.6034184 | CA6: =((BV6*1.5)*(X6/3))/3 -> 3.4640385 | CB6: =((BW6*2)*(X6/4))/5 -> 0.95501714 | CD6: =(AL6*BY6)/3 -> 0 | CE6: =(AL6*BZ6)/2.7 -> 0 | CF6: =(AL6*CA6)/2.5 -> 0 | CG6: =(AL6*CB6)/1.9 -> 0 | CI6: =SUM(AL6*4, AJ6*2, X6*2, BD6*2)/6 -> 3.0952381 | CJ6: =SUM(AVERAGE(AA6, (AVERAGE(BY6, BZ6))/1.5)*4, X6*4, Y6*2, CI6*2)/9 -> 5.7272813 | CK6: =SUM(AC6*5, (AVERAGE(BY6, BZ6, CA6, CB6)/2)*2, BD6*2)/6 -> 5.780723 | CL6: =IF(AB6<6, (AB6/2)*U6/2000, IF(AB6<7, (AB6/2)*(AVERAGE(BT6, BU6, BV6, BW6)/2.5), (AB6/2)*(AVERAGE(BT6, BU6, BV6, BW6)/2.5)+(U6/2000))) -> 3 | CM6: =SUM(AM6*4, AP6*2/(AO6+1), AN6*4)/7.5 -> 0 | CN6: =SUM(AP6*3, AQ6*2, AR6*2, AS6*2, AM6*3)/8 -> 0 | CO6: =(SUM(AA6*2, BK6*1, AU6*3)/4.5)*1.5 -> 8.8888889
B7: 88 | C7: LEON | D7: balance_between_damage_and_durability_in_short_range | E7: poison_debuffing | F7: 9 | G7: =31/F7 -> 3.4444444 | H7: 960 | I7: =(2.5-((O7*2.5)/2)) -> 1.6666667 | J7: 4 | K7: 4 | L7: 2.5 | M7: 1.2 | N7: 0.5 | O7: =2 / 3 -> 0.66666667 | P7: =0-(0*(V7/2)) -> 0 | Q7: 0 | R7: 0 | S7: 0 | T7: 0 | U7: 0 | V7: 0.1 | W7: 0 | X7: =6600/1400 -> 4.7142857 | Y7: 7 | Z7: =(5 + 8 + 5)/3 -> 6 | AA7: 3 | AB7: 0 | AC7: 0 | AD7: 0 | AE7: 0 | AF7: 6 | AG7: 0 | AH7: 0 | AI7: 0 | AJ7: 9 | AK7: 7 | AL7: =(BK7/5+1)*AK7 -> 7 | AM7: 0 | AN7: 0 | AO7: 0 | AP7: 0 | AQ7: 0 | AR7: 0 | AS7: 0 | AT7: 0 | AU7: 0 | AV7: 0 | AW7: 0 | AX7: none | AY7: 0 | AZ7: 0 | BA7: 0 | BB7: 0 | BC7: 0 | BD7: 0 | BE7: 0 | BF7: 0 | BG7: 0 | BH7: 0 | BI7: 0 | BJ7: 0 | BK7: 0 | BL7: 0 | BM7: 0 | BN7: 6 | BO7: 0 | BP7: =(((J7*I7*H7)+Q7+(W7/4))/1500)+((AQ7*(AR7/3))/5) -> 4.2666667 | BQ7: =(((J7*I7*H7)+R7+(W7/4))/1500)+((AQ7*(AR7/5))/5) -> 4.2666667 | BR7: =((((J7*(Y7/7))*I7*H7)+S7+(W7/4))/1500)+((AQ7*(AR7/7))/5) -> 4.2666667 | BS7: =((((J7*(Y7/9))*I7*H7)+T7+(W7/4))/1200)+((AQ7*(AR7/9))/5) -> 4.1481481 | BT7: =(((K7*I7*H7)+(((I7*K7+P7)/F7)*Q7))/(1.25-((K7-J7)/4))+(W7/4))/1300 -> 3.9384615 | BU7: =(((L7*I7*H7)+(((I7*L7+P7)/F7)*(R7)))/(1.25-((L7-J7)/4))+(W7/4))/800 -> 3.0769231 | BV7: =(((M7*I7*H7)+(((I7*M7+P7)/F7)*(S7)))/(1.25-((M7-J7)/4))+(W7/4))/400 -> 2.4615385 | BW7: =(((N7*I7*H7)+(((I7*N7+P7)/F7)*(T7)))/(1.25-((N7-J7)/4))+(W7/4))/250 -> 1.5058824 | BY7: =((BT7/2)*X7)/2.5 -> 3.7134066 | BZ7: =((BU7)*(X7/2))/3.5 -> 2.0722135 | CA7: =((BV7*1.5)*(X7/3))/3 -> 1.9340659 | CB7: =((BW7*2)*(X7/4))/5 -> 0.70991597 | CD7: =(AL7*BY7)/3 -> 8.6646154 | CE7: =(AL7*BZ7)/2.7 -> 5.3724054 | CF7: =(AL7*CA7)/2.5 -> 5.4153846 | CG7: =(AL7*CB7)/1.9 -> 2.6154799 | CI7: =SUM(AL7*4, AJ7*2, X7*2, BD7*2)/6 -> 9.2380952 | CJ7: =SUM(AVERAGE(AA7, (AVERAGE(BY7, BZ7))/1.5)*4, X7*4, Y7*2, CI7*2)/9 -> 6.7989348 | CK7: =SUM(AC7*5, (AVERAGE(BY7, BZ7, CA7, CB7)/2)*2, BD7*2)/6 -> 0.35123342 | CL7: =IF(AB7<6, (AB7/2)*U7/2000, IF(AB7<7, (AB7/2)*(AVERAGE(BT7, BU7, BV7, BW7)/2.5), (AB7/2)*(AVERAGE(BT7, BU7, BV7, BW7)/2.5)+(U7/2000))) -> 0 | CM7: =SUM(AM7*4, AP7*2/(AO7+1), AN7*4)/7.5 -> 0 | CN7: =SUM(AP7*3, AQ7*2, AR7*2, AS7*2, AM7*3)/8 -> 0 | CO7: =(SUM(AA7*2, BK7*1, AU7*3)/4.5)*1.5 -> 2
B8: 33 | C8: GALE | D8: usual_burst_damage_in_long_range | E8: indirect_damage | F8: 15 | G8: =60/F8 -> 4 | H8: 600 | I8: =(3.3-((O8*3.3)/2)) -> 2.42 | J8: 4 | K8: 4 | L8: 4 | M8: 2 | N8: 0 | O8: =1.6 / 3 -> 0.53333333 | P8: =3-(3*(V8/2)) -> 2.7 | Q8: 1200 | R8: 1200 | S8: 1200 | T8: 1200 | U8: 1200 | V8: 0.2 | W8: 0 | X8: =8000/1400 -> 5.7142857 | Y8: 7 | Z8: =(5 + 7 + 4)/3 -> 5.3333333 | AA8: =(4 + 6)/2 -> 5 | AB8: 3 | AC8: 0 | AD8: 10 | AE8: 0 | AF8: 6 | AG8: 0 | AH8: 0 | AI8: 0 | AJ8: 5 | AK8: 0 | AL8: =(BK8/5+1)*AK8 -> 0 | AM8: 0 | AN8: 0 | AO8: 0 | AP8: 0 | AQ8: 0 | AR8: 0 | AS8: 0 | AT8: 0 | AU8: 1 | AV8: 0 | AW8: 0 | AX8: none | AY8: 0 | AZ8: 0 | BA8: 0 | BB8: 0 | BC8: 0 | BD8: 0 | BE8: 0 | BF8: 0 | BG8: 0 | BH8: 0 | BI8: 1 | BJ8: 0 | BK8: 0 | BL8: 0 | BM8: 10 | BN8: 7 | BO8: 0 | BP8: =(((J8*I8*H8)+Q8+(W8/4))/1500)+((AQ8*(AR8/3))/5) -> 4.672 | BQ8: =(((J8*I8*H8)+R8+(W8/4))/1500)+((AQ8*(AR8/5))/5) -> 4.672 | BR8: =((((J8*(Y8/7))*I8*H8)+S8+(W8/4))/1500)+((AQ8*(AR8/7))/5) -> 4.672 | BS8: =((((J8*(Y8/9))*I8*H8)+T8+(W8/4))/1200)+((AQ8*(AR8/9))/5) -> 4.7644444 | BT8: =(((K8*I8*H8)+(((I8*K8+P8)/F8)*Q8))/(1.25-((K8-J8)/4))+(W8/4))/1300 -> 4.1836308 | BU8: =(((L8*I8*H8)+(((I8*L8+P8)/F8)*(R8)))/(1.25-((L8-J8)/4))+(W8/4))/800 -> 6.7984 | BV8: =(((M8*I8*H8)+(((I8*M8+P8)/F8)*(S8)))/(1.25-((M8-J8)/4))+(W8/4))/400 -> 5.0102857 | BW8: =(((N8*I8*H8)+(((I8*N8+P8)/F8)*(T8)))/(1.25-((N8-J8)/4))+(W8/4))/250 -> 0.384 | BY8: =((BT8/2)*X8)/2.5 -> 4.7812923 | BZ8: =((BU8)*(X8/2))/3.5 -> 5.5497143 | CA8: =((BV8*1.5)*(X8/3))/3 -> 4.7717007 | CB8: =((BW8*2)*(X8/4))/5 -> 0.21942857 | CD8: =(AL8*BY8)/3 -> 0 | CE8: =(AL8*BZ8)/2.7 -> 0 | CF8: =(AL8*CA8)/2.5 -> 0 | CG8: =(AL8*CB8)/1.9 -> 0 | CI8: =SUM(AL8*4, AJ8*2, X8*2, BD8*2)/6 -> 3.5714286 | CJ8: =SUM(AVERAGE(AA8, (AVERAGE(BY8, BZ8))/1.5)*4, X8*4, Y8*2, CI8*2)/9 -> 6.7652597 | CK8: =SUM(AC8*5, (AVERAGE(BY8, BZ8, CA8, CB8)/2)*2, BD8*2)/6 -> 0.63842233 | CL8: =IF(AB8<6, (AB8/2)*U8/2000, IF(AB8<7, (AB8/2)*(AVERAGE(BT8, BU8, BV8, BW8)/2.5), (AB8/2)*(AVERAGE(BT8, BU8, BV8, BW8)/2.5)+(U8/2000))) -> 0.9 | CM8: =SUM(AM8*4, AP8*2/(AO8+1), AN8*4)/7.5 -> 0 | CN8: =SUM(AP8*3, AQ8*2, AR8*2, AS8*2, AM8*3)/8 -> 0 | CO8: =(SUM(AA8*2, BK8*1, AU8*3)/4.5)*1.5 -> 4.3333333
B9: 1 | C9: SHELLY | D9: wall_break_efficiency | E9: usual_burst_damage_in_very_long_range | F9: 10 | G9: =34/F9 -> 3.4 | H9: 600 | I9: =(2.5-((O9*2.5)/2)) -> 1.8333333 | J9: 5 | K9: 5 | L9: 3 | M9: 1.5 | N9: 0 | O9: =1.6 / 3 -> 0.53333333 | P9: =2-(2*(V9/2)) -> 1.8 | Q9: 5760 | R9: 3200 | S9: 1920 | T9: 0 | U9: 5760 | V9: 0.2 | W9: 0 | X9: =7800/1400 -> 5.5714286 | Y9: 6 | Z9: =(6 + 5 + 3)/3 -> 4.6666667 | AA9: 4 | AB9: 0 | AC9: 0 | AD9: 3 | AE9: 0 | AF9: 5 | AG9: 5 | AH9: 5 | AI9: 0 | AJ9: 7 | AK9: 0 | AL9: =(BK9/5+1)*AK9 -> 0 | AM9: 0 | AN9: 0 | AO9: 0 | AP9: 0 | AQ9: 0 | AR9: 0 | AS9: 0 | AT9: 0 | AU9: 2 | AV9: 0 | AW9: 0 | AX9: none | AY9: 0 | AZ9: 0 | BA9: 0 | BB9: 0 | BC9: 0 | BD9: 0 | BE9: 0 | BF9: 0 | BG9: 0 | BH9: 0 | BI9: 2 | BJ9: 0 | BK9: 0 | BL9: 0 | BM9: 3 | BN9: 7 | BO9: 0 | BP9: =(((J9*I9*H9)+Q9+(W9/4))/1500)+((AQ9*(AR9/3))/5) -> 7.5066667 | BQ9: =(((J9*I9*H9)+R9+(W9/4))/1500)+((AQ9*(AR9/5))/5) -> 5.8 | BR9: =((((J9*(Y9/7))*I9*H9)+S9+(W9/4))/1500)+((AQ9*(AR9/7))/5) -> 4.4228571 | BS9: =((((J9*(Y9/9))*I9*H9)+T9+(W9/4))/1200)+((AQ9*(AR9/9))/5) -> 3.0555556 | BT9: =(((K9*I9*H9)+(((I9*K9+P9)/F9)*Q9))/(1.25-((K9-J9)/4))+(W9/4))/1300 -> 7.2718769 | BU9: =(((L9*I9*H9)+(((I9*L9+P9)/F9)*(R9)))/(1.25-((L9-J9)/4))+(W9/4))/800 -> 4.0257143 | BV9: =(((M9*I9*H9)+(((I9*M9+P9)/F9)*(S9)))/(1.25-((M9-J9)/4))+(W9/4))/400 -> 2.9689412 | BW9: =(((N9*I9*H9)+(((I9*N9+P9)/F9)*(T9)))/(1.25-((N9-J9)/4))+(W9/4))/250 -> 0 | BY9: =((BT9/2)*X9)/2.5 -> 8.1029486 | BZ9: =((BU9)*(X9/2))/3.5 -> 3.2041399 | CA9: =((BV9*1.5)*(X9/3))/3 -> 2.7568739 | CB9: =((BW9*2)*(X9/4))/5 -> 0 | CD9: =(AL9*BY9)/3 -> 0 | CE9: =(AL9*BZ9)/2.7 -> 0 | CF9: =(AL9*CA9)/2.5 -> 0 | CG9: =(AL9*CB9)/1.9 -> 0 | CI9: =SUM(AL9*4, AJ9*2, X9*2, BD9*2)/6 -> 4.1904762 | CJ9: =SUM(AVERAGE(AA9, (AVERAGE(BY9, BZ9))/1.5)*4, X9*4, Y9*2, CI9*2)/9 -> 6.4671917 | CK9: =SUM(AC9*5, (AVERAGE(BY9, BZ9, CA9, CB9)/2)*2, BD9*2)/6 -> 0.58599844 | CL9: =IF(AB9<6, (AB9/2)*U9/2000, IF(AB9<7, (AB9/2)*(AVERAGE(BT9, BU9, BV9, BW9)/2.5), (AB9/2)*(AVERAGE(BT9, BU9, BV9, BW9)/2.5)+(U9/2000))) -> 0 | CM9: =SUM(AM9*4, AP9*2/(AO9+1), AN9*4)/7.5 -> 0 | CN9: =SUM(AP9*3, AQ9*2, AR9*2, AS9*2, AM9*3)/8 -> 0 | CO9: =(SUM(AA9*2, BK9*1, AU9*3)/4.5)*1.5 -> 4.6666667
B10: 8 | C10: POCO | D10: counter_heal_buffing | E10: pressure | F10: 4 | G10: =10/F10 -> 2.5 | H10: 1520 | I10: =(2.5-((O10*2.5)/2)) -> 1.8333333 | J10: 1 | K10: 1 | L10: 1 | M10: 0.5 | N10: 0 | O10: =1.6 / 3 -> 0.53333333 | P10: =0-(0*(V10/2)) -> 0 | Q10: 0 | R10: 0 | S10: 0 | T10: 0 | U10: 0 | V10: 0.2 | W10: 0 | X10: =8000/1400+(AY10/3.5) -> 8 | Y10: 6 | Z10: 0 | AA10: 7 | AB10: 0 | AC10: 0 | AD10: 0 | AE10: 0 | AF10: 6 | AG10: 0 | AH10: 0 | AI10: 0 | AJ10: 5 | AK10: 0 | AL10: =(BK10/5+1)*AK10 -> 0 | AM10: 0 | AN10: 0 | AO10: 0 | AP10: 0 | AQ10: 0 | AR10: 0 | AS10: 0 | AT10: 0 | AU10: 0 | AV10: 0 | AW10: 0 | AX10: none | AY10: =(6 + 9 + 9)/3 -> 8 | AZ10: 0 | BA10: 0 | BB10: 0 | BC10: 0 | BD10: 0 | BE10: 0 | BF10: 0 | BG10: 0 | BH10: 0 | BI10: 0 | BJ10: 0 | BK10: 0 | BL10: 0 | BM10: 0 | BN10: 7 | BO10: 0 | BP10: =(((J10*I10*H10)+Q10+(W10/4))/1500)+((AQ10*(AR10/3))/5) -> 1.8577778 | BQ10: =(((J10*I10*H10)+R10+(W10/4))/1500)+((AQ10*(AR10/5))/5) -> 1.8577778 | BR10: =((((J10*(Y10/7))*I10*H10)+S10+(W10/4))/1500)+((AQ10*(AR10/7))/5) -> 1.592381 | BS10: =((((J10*(Y10/9))*I10*H10)+T10+(W10/4))/1200)+((AQ10*(AR10/9))/5) -> 1.5481481 | BT10: =(((K10*I10*H10)+(((I10*K10+P10)/F10)*Q10))/(1.25-((K10-J10)/4))+(W10/4))/1300 -> 1.7148718 | BU10: =(((L10*I10*H10)+(((I10*L10+P10)/F10)*(R10)))/(1.25-((L10-J10)/4))+(W10/4))/800 -> 2.7866667 | BV10: =(((M10*I10*H10)+(((I10*M10+P10)/F10)*(S10)))/(1.25-((M10-J10)/4))+(W10/4))/400 -> 2.5333333 | BW10: =(((N10*I10*H10)+(((I10*N10+P10)/F10)*(T10)))/(1.25-((N10-J10)/4))+(W10/4))/250 -> 0 | BY10: =((BT10/2)*X10)/2.5 -> 2.7437949 | BZ10: =((BU10)*(X10/2))/3.5 -> 3.1847619 | CA10: =((BV10*1.5)*(X10/3))/3 -> 3.3777778 | CB10: =((BW10*2)*(X10/4))/5 -> 0 | CD10: =(AL10*BY10)/3 -> 0 | CE10: =(AL10*BZ10)/2.7 -> 0 | CF10: =(AL10*CA10)/2.5 -> 0 | CG10: =(AL10*CB10)/1.9 -> 0 | CI10: =SUM(AL10*4, AJ10*2, X10*2, BD10*2)/6 -> 4.3333333 | CJ10: =SUM(AVERAGE(AA10, (AVERAGE(BY10, BZ10))/1.5)*4, X10*4, Y10*2, CI10*2)/9 -> 7.8465598 | CK10: =SUM(AC10*5, (AVERAGE(BY10, BZ10, CA10, CB10)/2)*2, BD10*2)/6 -> 0.38776394 | CL10: =IF(AB10<6, (AB10/2)*U10/2000, IF(AB10<7, (AB10/2)*(AVERAGE(BT10, BU10, BV10, BW10)/2.5), (AB10/2)*(AVERAGE(BT10, BU10, BV10, BW10)/2.5)+(U10/2000))) -> 0 | CM10: =SUM(AM10*4, AP10*2/(AO10+1), AN10*4)/7.5 -> 0 | CN10: =SUM(AP10*3, AQ10*2, AR10*2, AS10*2, AM10*3)/8 -> 0 | CO10: =(SUM(AA10*2, BK10*1, AU10*3)/4.5)*1.5 -> 4.6666667
B11: 45 | C11: BERRY | D11: counter_heal_buffing | E11: surprise_attack_power_in_medium_range | F11: 9 | G11: =21/F11 -> 2.3333333 | H11: 1320 | I11: =(1.65-((O11*1.65)/2)) -> 1.265 | J11: 6 | K11: 2 | L11: 1.5 | M11: 0.8 | N11: 0 | O11: =1.4 / 3 -> 0.46666667 | P11: =2.5-(2.5*(V11/2)) -> 2.375 | Q11: 4360 | R11: 4360 | S11: 2180 | T11: 0 | U11: 4360 | V11: 0.1 | W11: 0 | X11: =5200/1400+(AY11/3.5) -> 5.7142857 | Y11: 5 | Z11: =(6 + 7 + 6)/3 -> 6.3333333 | AA11: 1 | AB11: 6 | AC11: =(6 + 1 + 6 + 5)/4 -> 4.5 | AD11: 0 | AE11: 0 | AF11: 6 | AG11: 0 | AH11: 0 | AI11: 0 | AJ11: 5 | AK11: 5 | AL11: =(BK11/5+1)*AK11 -> 5 | AM11: 0 | AN11: 0 | AO11: 0 | AP11: 0 | AQ11: 0 | AR11: 0 | AS11: 0 | AT11: 0 | AU11: 1 | AV11: 0 | AW11: 0 | AX11: none | AY11: =(10 + 8 + 3)/3 -> 7 | AZ11: 0 | BA11: 0 | BB11: 0 | BC11: 0 | BD11: 0 | BE11: 0 | BF11: 0 | BG11: 0 | BH11: 0 | BI11: 0 | BJ11: 0 | BK11: 0 | BL11: 0 | BM11: 0 | BN11: 7 | BO11: 0 | BP11: =(((J11*I11*H11)+Q11+(W11/4))/1500)+((AQ11*(AR11/3))/5) -> 9.5858667 | BQ11: =(((J11*I11*H11)+R11+(W11/4))/1500)+((AQ11*(AR11/5))/5) -> 9.5858667 | BR11: =((((J11*(Y11/7))*I11*H11)+S11+(W11/4))/1500)+((AQ11*(AR11/7))/5) -> 6.2241905 | BS11: =((((J11*(Y11/9))*I11*H11)+T11+(W11/4))/1200)+((AQ11*(AR11/9))/5) -> 4.6383333 | BT11: =(((K11*I11*H11)+(((I11*K11+P11)/F11)*Q11))/(1.25-((K11-J11)/4))+(W11/4))/1300 -> 1.9541197 | BU11: =(((L11*I11*H11)+(((I11*L11+P11)/F11)*(R11)))/(1.25-((L11-J11)/4))+(W11/4))/800 -> 2.4076257 | BV11: =(((M11*I11*H11)+(((I11*M11+P11)/F11)*(S11)))/(1.25-((M11-J11)/4))+(W11/4))/400 -> 2.1139673 | BW11: =(((N11*I11*H11)+(((I11*N11+P11)/F11)*(T11)))/(1.25-((N11-J11)/4))+(W11/4))/250 -> 0 | BY11: =((BT11/2)*X11)/2.5 -> 2.2332796 | BZ11: =((BU11)*(X11/2))/3.5 -> 1.9654088 | CA11: =((BV11*1.5)*(X11/3))/3 -> 2.0133022 | CB11: =((BW11*2)*(X11/4))/5 -> 0 | CD11: =(AL11*BY11)/3 -> 3.7221327 | CE11: =(AL11*BZ11)/2.7 -> 3.6396459 | CF11: =(AL11*CA11)/2.5 -> 4.0266044 | CG11: =(AL11*CB11)/1.9 -> 0 | CI11: =SUM(AL11*4, AJ11*2, X11*2, BD11*2)/6 -> 6.9047619 | CJ11: =SUM(AVERAGE(AA11, (AVERAGE(BY11, BZ11))/1.5)*4, X11*4, Y11*2, CI11*2)/9 -> 5.7184214 | CK11: =SUM(AC11*5, (AVERAGE(BY11, BZ11, CA11, CB11)/2)*2, BD11*2)/6 -> 4.0088329 | CL11: =IF(AB11<6, (AB11/2)*U11/2000, IF(AB11<7, (AB11/2)*(AVERAGE(BT11, BU11, BV11, BW11)/2.5), (AB11/2)*(AVERAGE(BT11, BU11, BV11, BW11)/2.5)+(U11/2000))) -> 1.9427138 | CM11: =SUM(AM11*4, AP11*2/(AO11+1), AN11*4)/7.5 -> 0 | CN11: =SUM(AP11*3, AQ11*2, AR11*2, AS11*2, AM11*3)/8 -> 0 | CO11: =(SUM(AA11*2, BK11*1, AU11*3)/4.5)*1.5 -> 1.6666667
B12: 25 | C12: FRANK | D12: usual_burst_damage_in_long_range | E12: attacks_canceling | F12: 3 | G12: =10/F12 -> 3.3333333 | H12: 2320 | I12: =(3.3-((O12*3.3)/2)) -> 2.0075 | J12: 1 | K12: 1 | L12: 1 | M12: 0 | N12: 0 | O12: =AVERAGE(3, 1.7) / 3 -> 0.78333333 | P12: =1-(1*(V12/2)) -> 0.25 | Q12: 2480 | R12: 2480 | S12: 1240 | T12: 0 | U12: 2480 | V12: 1.5 | W12: 0 | X12: =13600/1400 -> 9.7142857 | Y12: 5 | Z12: 0 | AA12: 7 | AB12: 0 | AC12: 0 | AD12: 0 | AE12: 0 | AF12: 6 | AG12: 9 | AH12: 8 | AI12: 0 | AJ12: 6 | AK12: 0 | AL12: =(BK12/5+1)*AK12 -> 0 | AM12: 0 | AN12: 0 | AO12: 0 | AP12: 0 | AQ12: 0 | AR12: 0 | AS12: 0 | AT12: 0 | AU12: 2 | AV12: 0 | AW12: 0 | AX12: none | AY12: 0 | AZ12: 0 | BA12: 0 | BB12: 0 | BC12: 0 | BD12: 0 | BE12: 0 | BF12: 0 | BG12: 0 | BH12: 0 | BI12: 5 | BJ12: 0 | BK12: 0 | BL12: 0 | BM12: 0 | BN12: 1 | BO12: 0 | BP12: =(((J12*I12*H12)+Q12+(W12/4))/1500)+((AQ12*(AR12/3))/5) -> 4.7582667 | BQ12: =(((J12*I12*H12)+R12+(W12/4))/1500)+((AQ12*(AR12/5))/5) -> 4.7582667 | BR12: =((((J12*(Y12/7))*I12*H12)+S12+(W12/4))/1500)+((AQ12*(AR12/7))/5) -> 3.0444762 | BS12: =((((J12*(Y12/9))*I12*H12)+T12+(W12/4))/1200)+((AQ12*(AR12/9))/5) -> 2.1562037 | BT12: =(((K12*I12*H12)+(((I12*K12+P12)/F12)*Q12))/(1.25-((K12-J12)/4))+(W12/4))/1300 -> 4.0145231 | BU12: =(((L12*I12*H12)+(((I12*L12+P12)/F12)*(R12)))/(1.25-((L12-J12)/4))+(W12/4))/800 -> 6.5236 | BV12: =(((M12*I12*H12)+(((I12*M12+P12)/F12)*(S12)))/(1.25-((M12-J12)/4))+(W12/4))/400 -> 0.17222222 | BW12: =(((N12*I12*H12)+(((I12*N12+P12)/F12)*(T12)))/(1.25-((N12-J12)/4))+(W12/4))/250 -> 0 | BY12: =((BT12/2)*X12)/2.5 -> 7.7996448 | BZ12: =((BU12)*(X12/2))/3.5 -> 9.0531592 | CA12: =((BV12*1.5)*(X12/3))/3 -> 0.27883598 | CB12: =((BW12*2)*(X12/4))/5 -> 0 | CD12: =(AL12*BY12)/3 -> 0 | CE12: =(AL12*BZ12)/2.7 -> 0 | CF12: =(AL12*CA12)/2.5 -> 0 | CG12: =(AL12*CB12)/1.9 -> 0 | CI12: =SUM(AL12*4, AJ12*2, X12*2, BD12*2)/6 -> 5.2380952 | CJ12: =SUM(AVERAGE(AA12, (AVERAGE(BY12, BZ12))/1.5)*4, X12*4, Y12*2, CI12*2)/9 -> 9.396504 | CK12: =SUM(AC12*5, (AVERAGE(BY12, BZ12, CA12, CB12)/2)*2, BD12*2)/6 -> 0.71381833 | CL12: =IF(AB12<6, (AB12/2)*U12/2000, IF(AB12<7, (AB12/2)*(AVERAGE(BT12, BU12, BV12, BW12)/2.5), (AB12/2)*(AVERAGE(BT12, BU12, BV12, BW12)/2.5)+(U12/2000))) -> 0 | CM12: =SUM(AM12*4, AP12*2/(AO12+1), AN12*4)/7.5 -> 0 | CN12: =SUM(AP12*3, AQ12*2, AR12*2, AS12*2, AM12*3)/8 -> 0 | CO12: =(SUM(AA12*2, BK12*1, AU12*3)/4.5)*1.5 -> 6.6666667
B13: 89 | C13: SANDY | D13: pressure | E13: poison_debuffing | F13: 6 | G13: =15/F13 -> 2.5 | H13: 1800 | I13: =(2.5-((O13*2.5)/2)) -> 1.8333333 | J13: 1 | K13: 1 | L13: 1 | M13: 0 | N13: 0 | O13: =1.6 / 3 -> 0.53333333 | P13: =0-(0*(V13/2)) -> 0 | Q13: 0 | R13: 0 | S13: 0 | T13: 0 | U13: 0 | V13: 0.1 | W13: 0 | X13: =8200/1400 -> 5.8571429 | Y13: 4 | Z13: 2 | AA13: 5 | AB13: 0 | AC13: =(9 + 10 + 9 + 5)/4 -> 8.25 | AD13: 0 | AE13: 0 | AF13: 6 | AG13: 0 | AH13: 0 | AI13: 0 | AJ13: 6 | AK13: 0 | AL13: =(BK13/5+1)*AK13 -> 0 | AM13: 0 | AN13: 0 | AO13: 0 | AP13: 0 | AQ13: 0 | AR13: 0 | AS13: 0 | AT13: 0 | AU13: 0 | AV13: 0 | AW13: 0 | AX13: none | AY13: 0 | AZ13: 0 | BA13: 0 | BB13: 0 | BC13: 0 | BD13: 0 | BE13: =(5 + 9 + 10)/3 -> 8 | BF13: 0 | BG13: 0 | BH13: 0 | BI13: 0 | BJ13: 0 | BK13: 0 | BL13: 0 | BM13: 0 | BN13: 7 | BO13: 0 | BP13: =(((J13*I13*H13)+Q13+(W13/4))/1500)+((AQ13*(AR13/3))/5) -> 2.2 | BQ13: =(((J13*I13*H13)+R13+(W13/4))/1500)+((AQ13*(AR13/5))/5) -> 2.2 | BR13: =((((J13*(Y13/7))*I13*H13)+S13+(W13/4))/1500)+((AQ13*(AR13/7))/5) -> 1.2571429 | BS13: =((((J13*(Y13/9))*I13*H13)+T13+(W13/4))/1200)+((AQ13*(AR13/9))/5) -> 1.2222222 | BT13: =(((K13*I13*H13)+(((I13*K13+P13)/F13)*Q13))/(1.25-((K13-J13)/4))+(W13/4))/1300 -> 2.0307692 | BU13: =(((L13*I13*H13)+(((I13*L13+P13)/F13)*(R13)))/(1.25-((L13-J13)/4))+(W13/4))/800 -> 3.3 | BV13: =(((M13*I13*H13)+(((I13*M13+P13)/F13)*(S13)))/(1.25-((M13-J13)/4))+(W13/4))/400 -> 0 | BW13: =(((N13*I13*H13)+(((I13*N13+P13)/F13)*(T13)))/(1.25-((N13-J13)/4))+(W13/4))/250 -> 0 | BY13: =((BT13/2)*X13)/2.5 -> 2.3789011 | BZ13: =((BU13)*(X13/2))/3.5 -> 2.7612245 | CA13: =((BV13*1.5)*(X13/3))/3 -> 0 | CB13: =((BW13*2)*(X13/4))/5 -> 0 | CD13: =(AL13*BY13)/3 -> 0 | CE13: =(AL13*BZ13)/2.7 -> 0 | CF13: =(AL13*CA13)/2.5 -> 0 | CG13: =(AL13*CB13)/1.9 -> 0 | CI13: =SUM(AL13*4, AJ13*2, X13*2, BD13*2)/6 -> 3.952381 | CJ13: =SUM(AVERAGE(AA13, (AVERAGE(BY13, BZ13))/1.5)*4, X13*4, Y13*2, CI13*2)/9 -> 5.8622315 | CK13: =SUM(AC13*5, (AVERAGE(BY13, BZ13, CA13, CB13)/2)*2, BD13*2)/6 -> 7.0891719 | CL13: =IF(AB13<6, (AB13/2)*U13/2000, IF(AB13<7, (AB13/2)*(AVERAGE(BT13, BU13, BV13, BW13)/2.5), (AB13/2)*(AVERAGE(BT13, BU13, BV13, BW13)/2.5)+(U13/2000))) -> 0 | CM13: =SUM(AM13*4, AP13*2/(AO13+1), AN13*4)/7.5 -> 0 | CN13: =SUM(AP13*3, AQ13*2, AR13*2, AS13*2, AM13*3)/8 -> 0 | CO13: =(SUM(AA13*2, BK13*1, AU13*3)/4.5)*1.5 -> 3.3333333
B14: 18 | C14: JACKY | D14: usual_burst_damage_in_long_range | E14: retreat_button | F14: 4 | G14: =10/F14 -> 2.5 | H14: 2480 | I14: =(2.5-((O14*2.5)/2)) -> 1.8333333 | J14: 1 | K14: 1 | L14: 0.5 | M14: 0 | N14: 0 | O14: =1.6 / 3 -> 0.53333333 | P14: =0-(0*(V14/2)) -> 0 | Q14: 0 | R14: 0 | S14: 0 | T14: 0 | U14: 0 | V14: 0.1 | W14: 0 | X14: =10000/1400 -> 7.1428571 | Y14: 3 | Z14: 0 | AA14: 9 | AB14: 6 | AC14: 0 | AD14: 4 | AE14: 0 | AF14: 3 | AG14: 0 | AH14: 0 | AI14: 0 | AJ14: 6 | AK14: 0 | AL14: =(BK14/5+1)*AK14 -> 0 | AM14: 0 | AN14: 0 | AO14: 0 | AP14: 0 | AQ14: 0 | AR14: 0 | AS14: 0 | AT14: 0 | AU14: 2 | AV14: 0 | AW14: 0 | AX14: none | AY14: 0 | AZ14: 0 | BA14: 0 | BB14: 0 | BC14: 0 | BD14: 0 | BE14: 0 | BF14: 0 | BG14: 0 | BH14: 0 | BI14: 1 | BJ14: 0 | BK14: 0 | BL14: 0 | BM14: 3 | BN14: 7 | BO14: 0 | BP14: =(((J14*I14*H14)+Q14+(W14/4))/1500)+((AQ14*(AR14/3))/5) -> 3.0311111 | BQ14: =(((J14*I14*H14)+R14+(W14/4))/1500)+((AQ14*(AR14/5))/5) -> 3.0311111 | BR14: =((((J14*(Y14/7))*I14*H14)+S14+(W14/4))/1500)+((AQ14*(AR14/7))/5) -> 1.2990476 | BS14: =((((J14*(Y14/9))*I14*H14)+T14+(W14/4))/1200)+((AQ14*(AR14/9))/5) -> 1.262963 | BT14: =(((K14*I14*H14)+(((I14*K14+P14)/F14)*Q14))/(1.25-((K14-J14)/4))+(W14/4))/1300 -> 2.7979487 | BU14: =(((L14*I14*H14)+(((I14*L14+P14)/F14)*(R14)))/(1.25-((L14-J14)/4))+(W14/4))/800 -> 2.0666667 | BV14: =(((M14*I14*H14)+(((I14*M14+P14)/F14)*(S14)))/(1.25-((M14-J14)/4))+(W14/4))/400 -> 0 | BW14: =(((N14*I14*H14)+(((I14*N14+P14)/F14)*(T14)))/(1.25-((N14-J14)/4))+(W14/4))/250 -> 0 | BY14: =((BT14/2)*X14)/2.5 -> 3.9970696 | BZ14: =((BU14)*(X14/2))/3.5 -> 2.1088435 | CA14: =((BV14*1.5)*(X14/3))/3 -> 0 | CB14: =((BW14*2)*(X14/4))/5 -> 0 | CD14: =(AL14*BY14)/3 -> 0 | CE14: =(AL14*BZ14)/2.7 -> 0 | CF14: =(AL14*CA14)/2.5 -> 0 | CG14: =(AL14*CB14)/1.9 -> 0 | CI14: =SUM(AL14*4, AJ14*2, X14*2, BD14*2)/6 -> 4.3809524 | CJ14: =SUM(AVERAGE(AA14, (AVERAGE(BY14, BZ14))/1.5)*4, X14*4, Y14*2, CI14*2)/9 -> 7.2671047 | CK14: =SUM(AC14*5, (AVERAGE(BY14, BZ14, CA14, CB14)/2)*2, BD14*2)/6 -> 0.25441305 | CL14: =IF(AB14<6, (AB14/2)*U14/2000, IF(AB14<7, (AB14/2)*(AVERAGE(BT14, BU14, BV14, BW14)/2.5), (AB14/2)*(AVERAGE(BT14, BU14, BV14, BW14)/2.5)+(U14/2000))) -> 1.4593846 | CM14: =SUM(AM14*4, AP14*2/(AO14+1), AN14*4)/7.5 -> 0 | CN14: =SUM(AP14*3, AQ14*2, AR14*2, AS14*2, AM14*3)/8 -> 0 | CO14: =(SUM(AA14*2, BK14*1, AU14*3)/4.5)*1.5 -> 8
B15: 16 | C15: PENNY | D15: indirect_damage | E15: easy_approach | F15: 5 | G15: =16/F15 -> 3.2 | H15: 1960 | I15: =(2.15-((O15*2.15)/2)) -> 1.5408333 | J15: 1 | K15: 1 | L15: 1 | M15: 0.5 | N15: 0 | O15: =1.7 / 3 -> 0.56666667 | P15: =2.5-(2.5*(V15/2)) -> 2.25 | Q15: 1200 | R15: 1200 | S15: 2400 | T15: 2400 | U15: 7200 | V15: 0.2 | W15: 0 | X15: =7000/1400 -> 5 | Y15: 6 | Z15: 0 | AA15: 1 | AB15: 2 | AC15: =(3 + 2 + 3 + 9)/4 -> 4.25 | AD15: 0 | AE15: 0 | AF15: 6 | AG15: 0 | AH15: 0 | AI15: 0 | AJ15: 5 | AK15: 0 | AL15: =(BK15/5+1)*AK15 -> 0 | AM15: 4 | AN15: 1 | AO15: 0 | AP15: 6 | AQ15: 7 | AR15: 10 | AS15: 0 | AT15: 0 | AU15: 9 | AV15: 0 | AW15: 0 | AX15: none | AY15: 0 | AZ15: 0 | BA15: 0 | BB15: 0 | BC15: 0 | BD15: 0 | BE15: 0 | BF15: 0 | BG15: 0 | BH15: 0 | BI15: 0 | BJ15: 0 | BK15: 0 | BL15: 0 | BM15: 0 | BN15: 7 | BO15: 0 | BP15: =(((J15*I15*H15)+Q15+(W15/4))/1500)+((AQ15*(AR15/3))/5) -> 7.4800222 | BQ15: =(((J15*I15*H15)+R15+(W15/4))/1500)+((AQ15*(AR15/5))/5) -> 5.6133556 | BR15: =((((J15*(Y15/7))*I15*H15)+S15+(W15/4))/1500)+((AQ15*(AR15/7))/5) -> 5.3257333 | BS15: =((((J15*(Y15/9))*I15*H15)+T15+(W15/4))/1200)+((AQ15*(AR15/9))/5) -> 5.2333519 | BT15: =(((K15*I15*H15)+(((I15*K15+P15)/F15)*Q15))/(1.25-((K15-J15)/4))+(W15/4))/1300 -> 2.418359 | BU15: =(((L15*I15*H15)+(((I15*L15+P15)/F15)*(R15)))/(1.25-((L15-J15)/4))+(W15/4))/800 -> 3.9298333 | BV15: =(((M15*I15*H15)+(((I15*M15+P15)/F15)*(S15)))/(1.25-((M15-J15)/4))+(W15/4))/400 -> 5.3814848 | BW15: =(((N15*I15*H15)+(((I15*N15+P15)/F15)*(T15)))/(1.25-((N15-J15)/4))+(W15/4))/250 -> 2.88 | BY15: =((BT15/2)*X15)/2.5 -> 2.418359 | BZ15: =((BU15)*(X15/2))/3.5 -> 2.8070238 | CA15: =((BV15*1.5)*(X15/3))/3 -> 4.4845707 | CB15: =((BW15*2)*(X15/4))/5 -> 1.44 | CD15: =(AL15*BY15)/3 -> 0 | CE15: =(AL15*BZ15)/2.7 -> 0 | CF15: =(AL15*CA15)/2.5 -> 0 | CG15: =(AL15*CB15)/1.9 -> 0 | CI15: =SUM(AL15*4, AJ15*2, X15*2, BD15*2)/6 -> 3.3333333 | CJ15: =SUM(AVERAGE(AA15, (AVERAGE(BY15, BZ15))/1.5)*4, X15*4, Y15*2, CI15*2)/9 -> 4.9055839 | CK15: =SUM(AC15*5, (AVERAGE(BY15, BZ15, CA15, CB15)/2)*2, BD15*2)/6 -> 4.0062481 | CL15: =IF(AB15<6, (AB15/2)*U15/2000, IF(AB15<7, (AB15/2)*(AVERAGE(BT15, BU15, BV15, BW15)/2.5), (AB15/2)*(AVERAGE(BT15, BU15, BV15, BW15)/2.5)+(U15/2000))) -> 3.6 | CM15: =SUM(AM15*4, AP15*2/(AO15+1), AN15*4)/7.5 -> 4.2666667 | CN15: =SUM(AP15*3, AQ15*2, AR15*2, AS15*2, AM15*3)/8 -> 8 | CO15: =(SUM(AA15*2, BK15*1, AU15*3)/4.5)*1.5 -> 9.6666667
B16: 49 | C16: MORTIS | D16: balance_between_damage_and_durability_in_short_range | E16: retreat_button | F16: 5 | G16: =16/F16 -> 3.2 | H16: 2000 | I16: =(1.65-((O16*1.65)/2)) -> 1.1 | J16: 1 | K16: 1 | L16: 0 | M16: 0 | N16: 0 | O16: =2 / 3 -> 0.66666667 | P16: =1-(1*(V16/2)) -> 0.95 | Q16: 1800 | R16: 1800 | S16: 1800 | T16: 1800 | U16: 1800 | V16: 0.1 | W16: 0 | X16: =8000/1400 + (5 + 6 + 6)/3/3.5 -> 7.3333333 | Y16: 1 | Z16: =(8.5 + 3 + 6)/3 -> 5.8333333 | AA16: 1 | AB16: 3 | AC16: 0 | AD16: 0 | AE16: 0 | AF16: 1 | AG16: 0 | AH16: 0 | AI16: 0 | AJ16: 9 | AK16: 6 | AL16: =(BK16/5+1)*AK16 -> 6 | AM16: 0 | AN16: 0 | AO16: 0 | AP16: 0 | AQ16: 0 | AR16: 0 | AS16: 0 | AT16: 0 | AU16: 7 | AV16: 0 | AW16: 0 | AX16: none | AY16: 0 | AZ16: 0 | BA16: 0 | BB16: 0 | BC16: 0 | BD16: 0 | BE16: 0 | BF16: 0 | BG16: 0 | BH16: 0 | BI16: 0 | BJ16: 0 | BK16: 0 | BL16: 0 | BM16: 0 | BN16: 6 | BO16: 0 | BP16: =(((J16*I16*H16)+Q16+(W16/4))/1500)+((AQ16*(AR16/3))/5) -> 2.6666667 | BQ16: =(((J16*I16*H16)+R16+(W16/4))/1500)+((AQ16*(AR16/5))/5) -> 2.6666667 | BR16: =((((J16*(Y16/7))*I16*H16)+S16+(W16/4))/1500)+((AQ16*(AR16/7))/5) -> 1.4095238 | BS16: =((((J16*(Y16/9))*I16*H16)+T16+(W16/4))/1200)+((AQ16*(AR16/9))/5) -> 1.7037037 | BT16: =(((K16*I16*H16)+(((I16*K16+P16)/F16)*Q16))/(1.25-((K16-J16)/4))+(W16/4))/1300 -> 1.808 | BU16: =(((L16*I16*H16)+(((I16*L16+P16)/F16)*(R16)))/(1.25-((L16-J16)/4))+(W16/4))/800 -> 0.285 | BV16: =(((M16*I16*H16)+(((I16*M16+P16)/F16)*(S16)))/(1.25-((M16-J16)/4))+(W16/4))/400 -> 0.57 | BW16: =(((N16*I16*H16)+(((I16*N16+P16)/F16)*(T16)))/(1.25-((N16-J16)/4))+(W16/4))/250 -> 0.912 | BY16: =((BT16/2)*X16)/2.5 -> 2.6517333 | BZ16: =((BU16)*(X16/2))/3.5 -> 0.29857143 | CA16: =((BV16*1.5)*(X16/3))/3 -> 0.69666667 | CB16: =((BW16*2)*(X16/4))/5 -> 0.6688 | CD16: =(AL16*BY16)/3 -> 5.3034667 | CE16: =(AL16*BZ16)/2.7 -> 0.66349206 | CF16: =(AL16*CA16)/2.5 -> 1.672 | CG16: =(AL16*CB16)/1.9 -> 2.112 | CI16: =SUM(AL16*4, AJ16*2, X16*2, BD16*2)/6 -> 9.4444444 | CJ16: =SUM(AVERAGE(AA16, (AVERAGE(BY16, BZ16))/1.5)*4, X16*4, Y16*2, CI16*2)/9 -> 6.0210102 | CK16: =SUM(AC16*5, (AVERAGE(BY16, BZ16, CA16, CB16)/2)*2, BD16*2)/6 -> 0.17982381 | CL16: =IF(AB16<6, (AB16/2)*U16/2000, IF(AB16<7, (AB16/2)*(AVERAGE(BT16, BU16, BV16, BW16)/2.5), (AB16/2)*(AVERAGE(BT16, BU16, BV16, BW16)/2.5)+(U16/2000))) -> 1.35 | CM16: =SUM(AM16*4, AP16*2/(AO16+1), AN16*4)/7.5 -> 0 | CN16: =SUM(AP16*3, AQ16*2, AR16*2, AS16*2, AM16*3)/8 -> 0 | CO16: =(SUM(AA16*2, BK16*1, AU16*3)/4.5)*1.5 -> 7.6666667
B17: 12 | C17: TICK | D17: easy_approach | E17: multiple_pets_generation | F17: 6 | G17: =14/F17 -> 2.3333333 | H17: 1360 | I17: =(1.65-((O17*1.65)/2)) -> 0.9625 | J17: 1.5 | K17: 0.6 | L17: 1.2 | M17: 1.8 | N17: 0.6 | O17: =2.5 / 3 -> 0.83333333 | P17: =2-(2*(V17/2)) -> 1.9 | Q17: 4000 | R17: 3000 | S17: 2000 | T17: 1000 | U17: 4000 | V17: 0.1 | W17: 0 | X17: =4800/1400 -> 3.4285714 | Y17: 7 | Z17: 0 | AA17: 1 | AB17: 7 | AC17: =(6 + 2 + 3 + 8)/4 -> 4.75 | AD17: 1 | AE17: 0 | AF17: 6 | AG17: 0 | AH17: 0 | AI17: 0 | AJ17: 5 | AK17: 0 | AL17: =(BK17/5+1)*AK17 -> 0 | AM17: 4 | AN17: 1 | AO17: 0 | AP17: 2 | AQ17: 6 | AR17: 1 | AS17: 10 | AT17: 5 | AU17: 1 | AV17: =(3 + 5 + 5 + 5)/4 -> 4.5 | AW17: 0 | AX17: none | AY17: 0 | AZ17: 0 | BA17: 0 | BB17: 0 | BC17: 0 | BD17: 0 | BE17: 0 | BF17: 0 | BG17: 0 | BH17: 0 | BI17: 0 | BJ17: 0 | BK17: 0 | BL17: 0 | BM17: 0.5 | BN17: 7 | BO17: 0 | BP17: =(((J17*I17*H17)+Q17+(W17/4))/1500)+((AQ17*(AR17/3))/5) -> 4.3756667 | BQ17: =(((J17*I17*H17)+R17+(W17/4))/1500)+((AQ17*(AR17/5))/5) -> 3.549 | BR17: =((((J17*(Y17/7))*I17*H17)+S17+(W17/4))/1500)+((AQ17*(AR17/7))/5) -> 2.8137619 | BS17: =((((J17*(Y17/9))*I17*H17)+T17+(W17/4))/1200)+((AQ17*(AR17/9))/5) -> 2.2393056 | BT17: =(((K17*I17*H17)+(((I17*K17+P17)/F17)*Q17))/(1.25-((K17-J17)/4))+(W17/4))/1300 -> 1.2709605 | BU17: =(((L17*I17*H17)+(((I17*L17+P17)/F17)*(R17)))/(1.25-((L17-J17)/4))+(W17/4))/800 -> 2.9229245 | BV17: =(((M17*I17*H17)+(((I17*M17+P17)/F17)*(S17)))/(1.25-((M17-J17)/4))+(W17/4))/400 -> 7.5894326 | BW17: =(((N17*I17*H17)+(((I17*N17+P17)/F17)*(T17)))/(1.25-((N17-J17)/4))+(W17/4))/250 -> 3.2496723 | BY17: =((BT17/2)*X17)/2.5 -> 0.87151574 | BZ17: =((BU17)*(X17/2))/3.5 -> 1.4316365 | CA17: =((BV17*1.5)*(X17/3))/3 -> 4.3368186 | CB17: =((BW17*2)*(X17/4))/5 -> 1.1141734 | CD17: =(AL17*BY17)/3 -> 0 | CE17: =(AL17*BZ17)/2.7 -> 0 | CF17: =(AL17*CA17)/2.5 -> 0 | CG17: =(AL17*CB17)/1.9 -> 0 | CI17: =SUM(AL17*4, AJ17*2, X17*2, BD17*2)/6 -> 2.8095238 | CJ17: =SUM(AVERAGE(AA17, (AVERAGE(BY17, BZ17))/1.5)*4, X17*4, Y17*2, CI17*2)/9 -> 4.0965298 | CK17: =SUM(AC17*5, (AVERAGE(BY17, BZ17, CA17, CB17)/2)*2, BD17*2)/6 -> 4.2814227 | CL17: =IF(AB17<6, (AB17/2)*U17/2000, IF(AB17<7, (AB17/2)*(AVERAGE(BT17, BU17, BV17, BW17)/2.5), (AB17/2)*(AVERAGE(BT17, BU17, BV17, BW17)/2.5)+(U17/2000))) -> 7.2615465 | CM17: =SUM(AM17*4, AP17*2/(AO17+1), AN17*4)/7.5 -> 3.2 | CN17: =SUM(AP17*3, AQ17*2, AR17*2, AS17*2, AM17*3)/8 -> 6.5 | CO17: =(SUM(AA17*2, BK17*1, AU17*3)/4.5)*1.5 -> 1.6666667
B18: 76 | C18: JUJU | D18: easy_approach | E18: wall_break_efficiency | F18: 7 | G18: =16/F18 -> 2.2857143 | H18: 1800 | I18: =(2.5-((O18*2.5)/2)) -> 1.9166667 | J18: 1 | K18: 1 | L18: 0.8 | M18: 0.4 | N18: 0.2 | O18: =1.4 / 3 -> 0.46666667 | P18: =2.5-(2.5*(V18/2)) -> 2.25 | Q18: 1600 | R18: 3200 | S18: 2400 | T18: 0 | U18: 6400 | V18: 0.2 | W18: 0 | X18: =6200/1400 -> 4.4285714 | Y18: 7 | Z18: 0 | AA18: 1 | AB18: 6 | AC18: 0 | AD18: 0 | AE18: 1 | AF18: 7 | AG18: 0 | AH18: 0 | AI18: 0 | AJ18: 5 | AK18: 0 | AL18: =(BK18/5+1)*AK18 -> 0 | AM18: 4 | AN18: 1 | AO18: 0 | AP18: 7 | AQ18: 4 | AR18: 4 | AS18: 4 | AT18: 7.5 | AU18: 0 | AV18: =(3 + 5 + 5 + 5)/4 -> 4.5 | AW18: 5 | AX18: Some of this brawler's abilities are only available on maps with water and grass. | AY18: 0 | AZ18: 0 | BA18: 0 | BB18: 0 | BC18: 0 | BD18: 0 | BE18: 0 | BF18: 0 | BG18: 0 | BH18: 0 | BI18: 0 | BJ18: 0 | BK18: =(5 + 5 + 10)/3 -> 6.6666667 | BL18: 0 | BM18: 0 | BN18: 7 | BO18: 0 | BP18: =(((J18*I18*H18)+Q18+(W18/4))/1500)+((AQ18*(AR18/3))/5) -> 4.4333333 | BQ18: =(((J18*I18*H18)+R18+(W18/4))/1500)+((AQ18*(AR18/5))/5) -> 5.0733333 | BR18: =((((J18*(Y18/7))*I18*H18)+S18+(W18/4))/1500)+((AQ18*(AR18/7))/5) -> 4.3571429 | BS18: =((((J18*(Y18/9))*I18*H18)+T18+(W18/4))/1200)+((AQ18*(AR18/9))/5) -> 2.5916667 | BT18: =(((K18*I18*H18)+(((I18*K18+P18)/F18)*Q18))/(1.25-((K18-J18)/4))+(W18/4))/1300 -> 2.7091575 | BU18: =(((L18*I18*H18)+(((I18*L18+P18)/F18)*(R18)))/(1.25-((L18-J18)/4))+(W18/4))/800 -> 4.3168498 | BV18: =(((M18*I18*H18)+(((I18*M18+P18)/F18)*(S18)))/(1.25-((M18-J18)/4))+(W18/4))/400 -> 4.3112245 | BW18: =(((N18*I18*H18)+(((I18*N18+P18)/F18)*(T18)))/(1.25-((N18-J18)/4))+(W18/4))/250 -> 1.9034483 | BY18: =((BT18/2)*X18)/2.5 -> 2.3995395 | BZ18: =((BU18)*(X18/2))/3.5 -> 2.7310683 | CA18: =((BV18*1.5)*(X18/3))/3 -> 3.1820943 | CB18: =((BW18*2)*(X18/4))/5 -> 0.84295567 | CD18: =(AL18*BY18)/3 -> 0 | CE18: =(AL18*BZ18)/2.7 -> 0 | CF18: =(AL18*CA18)/2.5 -> 0 | CG18: =(AL18*CB18)/1.9 -> 0 | CI18: =SUM(AL18*4, AJ18*2, X18*2, BD18*2)/6 -> 3.1428571 | CJ18: =SUM(AVERAGE(AA18, (AVERAGE(BY18, BZ18))/1.5)*4, X18*4, Y18*2, CI18*2)/9 -> 4.8244895 | CK18: =SUM(AC18*5, (AVERAGE(BY18, BZ18, CA18, CB18)/2)*2, BD18*2)/6 -> 0.38148574 | CL18: =IF(AB18<6, (AB18/2)*U18/2000, IF(AB18<7, (AB18/2)*(AVERAGE(BT18, BU18, BV18, BW18)/2.5), (AB18/2)*(AVERAGE(BT18, BU18, BV18, BW18)/2.5)+(U18/2000))) -> 3.972204 | CM18: =SUM(AM18*4, AP18*2/(AO18+1), AN18*4)/7.5 -> 4.5333333 | CN18: =SUM(AP18*3, AQ18*2, AR18*2, AS18*2, AM18*3)/8 -> 7.125 | CO18: =(SUM(AA18*2, BK18*1, AU18*3)/4.5)*1.5 -> 2.8888889
B19: 61 | C19: EVE | D19: wide_attack | E19: groupment_punishment | F19: 9 | G19: =21/F19 -> 2.3333333 | H19: 1040 | I19: =(2.5-((O19*2.5)/2)) -> 1.25 | J19: 3 | K19: 3 | L19: 2.5 | M19: 1.5 | N19: 1 | O19: =3 / 3 -> 1 | P19: =1.5-(1.5*(V19/2)) -> 1.35 | Q19: 0 | R19: 400 | S19: 1200 | T19: 800 | U19: 400 | V19: 0.2 | W19: 0 | X19: =6200/1400 -> 4.4285714 | Y19: 8 | Z19: 0 | AA19: 2 | AB19: 1 | AC19: 0 | AD19: 0 | AE19: 1 | AF19: 7 | AG19: 0 | AH19: 0 | AI19: 0 | AJ19: 5 | AK19: 0 | AL19: =(BK19/5+1)*AK19 -> 0 | AM19: 8 | AN19: 7 | AO19: 1 | AP19: 2 | AQ19: 2 | AR19: 1 | AS19: 8 | AT19: 7.5 | AU19: 0 | AV19: =(3 + 5 + 5 + 7)/4 -> 5 | AW19: 2.5 | AX19: Some of this brawler's abilities are only available on maps with water. | AY19: 0 | AZ19: 0 | BA19: 0 | BB19: 0 | BC19: 0 | BD19: 0 | BE19: 0 | BF19: 0 | BG19: 4 | BH19: 0 | BI19: 0 | BJ19: 0 | BK19: 0 | BL19: 0 | BM19: 0 | BN19: 6 | BO19: 0 | BP19: =(((J19*I19*H19)+Q19+(W19/4))/1500)+((AQ19*(AR19/3))/5) -> 2.7333333 | BQ19: =(((J19*I19*H19)+R19+(W19/4))/1500)+((AQ19*(AR19/5))/5) -> 2.9466667 | BR19: =((((J19*(Y19/7))*I19*H19)+S19+(W19/4))/1500)+((AQ19*(AR19/7))/5) -> 3.8285714 | BS19: =((((J19*(Y19/9))*I19*H19)+T19+(W19/4))/1200)+((AQ19*(AR19/9))/5) -> 3.6 | BT19: =(((K19*I19*H19)+(((I19*K19+P19)/F19)*Q19))/(1.25-((K19-J19)/4))+(W19/4))/1300 -> 2.4 | BU19: =(((L19*I19*H19)+(((I19*L19+P19)/F19)*(R19)))/(1.25-((L19-J19)/4))+(W19/4))/800 -> 3.1353535 | BV19: =(((M19*I19*H19)+(((I19*M19+P19)/F19)*(S19)))/(1.25-((M19-J19)/4))+(W19/4))/400 -> 3.6615385 | BW19: =(((N19*I19*H19)+(((I19*N19+P19)/F19)*(T19)))/(1.25-((N19-J19)/4))+(W19/4))/250 -> 3.4996825 | BY19: =((BT19/2)*X19)/2.5 -> 2.1257143 | BZ19: =((BU19)*(X19/2))/3.5 -> 1.983591 | CA19: =((BV19*1.5)*(X19/3))/3 -> 2.7025641 | CB19: =((BW19*2)*(X19/4))/5 -> 1.5498594 | CD19: =(AL19*BY19)/3 -> 0 | CE19: =(AL19*BZ19)/2.7 -> 0 | CF19: =(AL19*CA19)/2.5 -> 0 | CG19: =(AL19*CB19)/1.9 -> 0 | CI19: =SUM(AL19*4, AJ19*2, X19*2, BD19*2)/6 -> 3.1428571 | CJ19: =SUM(AVERAGE(AA19, (AVERAGE(BY19, BZ19))/1.5)*4, X19*4, Y19*2, CI19*2)/9 -> 5.1932819 | CK19: =SUM(AC19*5, (AVERAGE(BY19, BZ19, CA19, CB19)/2)*2, BD19*2)/6 -> 0.34840537 | CL19: =IF(AB19<6, (AB19/2)*U19/2000, IF(AB19<7, (AB19/2)*(AVERAGE(BT19, BU19, BV19, BW19)/2.5), (AB19/2)*(AVERAGE(BT19, BU19, BV19, BW19)/2.5)+(U19/2000))) -> 0.1 | CM19: =SUM(AM19*4, AP19*2/(AO19+1), AN19*4)/7.5 -> 8.2666667 | CN19: =SUM(AP19*3, AQ19*2, AR19*2, AS19*2, AM19*3)/8 -> 6.5 | CO19: =(SUM(AA19*2, BK19*1, AU19*3)/4.5)*1.5 -> 1.3333333
B20: 52 | C20: MAX | D20: slowness_debuffing | E20: wide_attack | F20: 14 | G20: =31/F20 -> 2.2142857 | H20: 640 | I20: =(3.3-((O20*3.3)/2)) -> 2.09 | J20: 4 | K20: 4 | L20: 3 | M20: 1.5 | N20: 0 | O20: =2.2 / 3 -> 0.73333333 | P20: =0-(0*(V20/2)) -> 0 | Q20: 0 | R20: 0 | S20: 0 | T20: 0 | U20: 0 | V20: 0.1 | W20: 0 | X20: =7000/1400 -> 5 | Y20: 7 | Z20: =(6 + 4 + 7)/3 -> 5.6666667 | AA20: 3 | AB20: 0 | AC20: 0 | AD20: 0 | AE20: 0 | AF20: 6 | AG20: 0 | AH20: 0 | AI20: 0 | AJ20: 10 | AK20: 0 | AL20: =(BK20/5+1)*AK20 -> 0 | AM20: 0 | AN20: 0 | AO20: 0 | AP20: 0 | AQ20: 0 | AR20: 0 | AS20: 0 | AT20: 0 | AU20: 0 | AV20: 0 | AW20: 0 | AX20: none | AY20: 0 | AZ20: 0 | BA20: 0 | BB20: 0 | BC20: 0 | BD20: =(5 + 4)/2 -> 4.5 | BE20: 0 | BF20: 0 | BG20: 0 | BH20: 0 | BI20: 0 | BJ20: 0 | BK20: 0 | BL20: 0 | BM20: 0 | BN20: 6 | BO20: 0 | BP20: =(((J20*I20*H20)+Q20+(W20/4))/1500)+((AQ20*(AR20/3))/5) -> 3.5669333 | BQ20: =(((J20*I20*H20)+R20+(W20/4))/1500)+((AQ20*(AR20/5))/5) -> 3.5669333 | BR20: =((((J20*(Y20/7))*I20*H20)+S20+(W20/4))/1500)+((AQ20*(AR20/7))/5) -> 3.5669333 | BS20: =((((J20*(Y20/9))*I20*H20)+T20+(W20/4))/1200)+((AQ20*(AR20/9))/5) -> 3.4678519 | BT20: =(((K20*I20*H20)+(((I20*K20+P20)/F20)*Q20))/(1.25-((K20-J20)/4))+(W20/4))/1300 -> 3.2925538 | BU20: =(((L20*I20*H20)+(((I20*L20+P20)/F20)*(R20)))/(1.25-((L20-J20)/4))+(W20/4))/800 -> 3.344 | BV20: =(((M20*I20*H20)+(((I20*M20+P20)/F20)*(S20)))/(1.25-((M20-J20)/4))+(W20/4))/400 -> 2.6752 | BW20: =(((N20*I20*H20)+(((I20*N20+P20)/F20)*(T20)))/(1.25-((N20-J20)/4))+(W20/4))/250 -> 0 | BY20: =((BT20/2)*X20)/2.5 -> 3.2925538 | BZ20: =((BU20)*(X20/2))/3.5 -> 2.3885714 | CA20: =((BV20*1.5)*(X20/3))/3 -> 2.2293333 | CB20: =((BW20*2)*(X20/4))/5 -> 0 | CD20: =(AL20*BY20)/3 -> 0 | CE20: =(AL20*BZ20)/2.7 -> 0 | CF20: =(AL20*CA20)/2.5 -> 0 | CG20: =(AL20*CB20)/1.9 -> 0 | CI20: =SUM(AL20*4, AJ20*2, X20*2, BD20*2)/6 -> 6.5 | CJ20: =SUM(AVERAGE(AA20, (AVERAGE(BY20, BZ20))/1.5)*4, X20*4, Y20*2, CI20*2)/9 -> 6.309713 | CK20: =SUM(AC20*5, (AVERAGE(BY20, BZ20, CA20, CB20)/2)*2, BD20*2)/6 -> 1.8296024 | CL20: =IF(AB20<6, (AB20/2)*U20/2000, IF(AB20<7, (AB20/2)*(AVERAGE(BT20, BU20, BV20, BW20)/2.5), (AB20/2)*(AVERAGE(BT20, BU20, BV20, BW20)/2.5)+(U20/2000))) -> 0 | CM20: =SUM(AM20*4, AP20*2/(AO20+1), AN20*4)/7.5 -> 0 | CN20: =SUM(AP20*3, AQ20*2, AR20*2, AS20*2, AM20*3)/8 -> 0 | CO20: =(SUM(AA20*2, BK20*1, AU20*3)/4.5)*1.5 -> 2
C21: -
W22: FRACO SE INIMIGOS POSSUEM OU SE INIMIGOS NÃO POSSUEM | X22: - | Y22: - | Z22: =BI2 -> stun_debuffing | AA22: =BY2 -> balance_between_damage_and_durability_in_short_range | AB22: - | AC22: =BV2 -> usual_burst_damage_in_long_range | AD22: =Z2 -> retreat_button | AE22: =AF2 -> counter_water_walking | AF22: =CONCATENATE("! ", AE2) -> ! water_walking | AG22: =AI2 -> cover_creation_efficiency | AH22: =AI2 -> cover_creation_efficiency | AI22: =AG2 -> wall_break_efficiency | AJ22: - | AK22: - | AL22: - | AM22: - | AN22: - | AO22: - | AP22: - | AQ22: - | AR22: - | AS22: - | AT22: - | AU22: - | AV22: - | AW22: - | AY22: =AZ2 -> counter_heal_buffing | AZ22: =CONCATENATE("! ", AY2) -> ! heal_buffing | BA22: =BB2 -> damage_buffing | BB22: =BA2 -> shield_buffing | BC22: =AA2 -> wide_attack | BD22: =AA2 -> wide_attack | BE22: =Z2 -> retreat_button | BF22: =BP2 -> object_burst_damage_in_short_range | BG22: =BH2 -> counter_poison_debuffing | BH22: =CONCATENATE("! ", BG2) -> ! poison_debuffing | BI22: =BJ2 -> counter_stun_debuffing | BJ22: =CONCATENATE("! ", BI2) -> ! stun_debuffing | BK22: =BL2 -> counter_slowness_debuffing | BL22: =CONCATENATE("! ", BK2) -> ! slowness_debuffing | BM22: =BN2 -> counter_attacks_canceling | BN22: =CONCATENATE("! ", BM2) -> ! attacks_canceling | BO22: =Z2 -> retreat_button | BP22: =BU2 -> usual_burst_damage_in_medium_range | BQ22: =$CF2 -> surprise_attack_power_in_long_range | BR22: =$CF2 -> surprise_attack_power_in_long_range | BS22: =$CF2 -> surprise_attack_power_in_long_range | BT22: =BU2 -> usual_burst_damage_in_medium_range | BU22: =$CF2 -> surprise_attack_power_in_long_range | BV22: =$CF2 -> surprise_attack_power_in_long_range | BW22: =$CF2 -> surprise_attack_power_in_long_range | BX22: - | BY22: =BU2 -> usual_burst_damage_in_medium_range | BZ22: =BV2 -> usual_burst_damage_in_long_range | CA22: =BW2 -> usual_burst_damage_in_very_long_range | CB22: =CI2 -> easy_approach | CC22: - | CD22: =$BY2 -> balance_between_damage_and_durability_in_short_range | CE22: =$BY2 -> balance_between_damage_and_durability_in_short_range | CF22: =$BY2 -> balance_between_damage_and_durability_in_short_range | CG22: =$BY2 -> balance_between_damage_and_durability_in_short_range | CH22: - | CI22: =Z2 -> retreat_button | CJ22: =BV2 -> usual_burst_damage_in_long_range | CK22: =BV2 -> usual_burst_damage_in_long_range | CL22: =CD2 -> surprise_attack_power_in_short_range | CM22: =AA2 -> wide_attack | CN22: =CO2 -> groupment_punishment | CO22: =CONCATENATE("! ", CN2) -> ! durable_pets_generation | CP22: -
X23: - | Y23: - | Z23: =CONCATENATE("! ", CI2) -> ! easy_approach | AA23: =BZ2 -> balance_between_damage_and_durability_in_medium_range | AB23: - | AC23: =BW2 -> usual_burst_damage_in_very_long_range | AD23: - | AE23: - | AF23: - | AG23: =CONCATENATE("! ", CL2) -> ! indirect_damage | AH23: - | AI23: =AH2 -> grass_break_efficiency | AJ23: - | AK23: - | AL23: - | AM23: - | AN23: - | AO23: - | AP23: - | AQ23: - | AR23: - | AS23: - | AT23: - | AU23: - | AV23: - | AW23: - | AY23: - | AZ23: - | BA23: - | BB23: =BC2 -> counter_damage_buffing | BC23: =Z2 -> retreat_button | BD23: =BY2 -> balance_between_damage_and_durability_in_short_range | BE23: =BY2 -> balance_between_damage_and_durability_in_short_range | BF23: =BQ2 -> object_burst_damage_in_medium_range | BG23: - | BH23: - | BI23: - | BJ23: - | BK23: - | BL23: - | BM23: - | BN23: - | BO23: - | BP23: =BV2 -> usual_burst_damage_in_long_range | BQ23: =$CG2 -> surprise_attack_power_in_very_long_range | BR23: =$CG2 -> surprise_attack_power_in_very_long_range | BS23: =$CG2 -> surprise_attack_power_in_very_long_range | BT23: =BV2 -> usual_burst_damage_in_long_range | BU23: =$CG2 -> surprise_attack_power_in_very_long_range | BV23: =$CG2 -> surprise_attack_power_in_very_long_range | BW23: =$CG2 -> surprise_attack_power_in_very_long_range | BX23: - | BY23: =BV2 -> usual_burst_damage_in_long_range | BZ23: =BW2 -> usual_burst_damage_in_very_long_range | CA23: =CF2 -> surprise_attack_power_in_long_range | CB23: =CG2 -> surprise_attack_power_in_very_long_range | CC23: - | CD23: =$BU2 -> usual_burst_damage_in_medium_range | CE23: =$BU2 -> usual_burst_damage_in_medium_range | CF23: =$BU2 -> usual_burst_damage_in_medium_range | CG23: =$BU2 -> usual_burst_damage_in_medium_range | CH23: - | CI23: =AA2 -> wide_attack | CJ23: =BW2 -> usual_burst_damage_in_very_long_range | CK23: =BW2 -> usual_burst_damage_in_very_long_range | CL23: =CE2 -> surprise_attack_power_in_medium_range | CM23: =CO2 -> groupment_punishment | CN23: =AA2 -> wide_attack | CO23: =CONCATENATE("! ", CM2) -> ! multiple_pets_generation | CP23: -
X24: - | Y24: - | Z24: - | AA24: =CA2 -> balance_between_damage_and_durability_in_long_range | AB24: - | AC24: =CI2 -> easy_approach | AD24: - | AE24: - | AF24: - | AG24: - | AH24: - | AI24: - | AJ24: - | AK24: - | AL24: - | AM24: - | AN24: - | AO24: - | AP24: - | AQ24: - | AR24: - | AS24: - | AT24: - | AU24: - | AV24: - | AW24: - | AY24: - | AZ24: - | BA24: - | BB24: - | BC24: =AC2 -> area_denial | BD24: - | BE24: - | BF24: =BR2 -> object_burst_damage_in_long_range | BG24: - | BH24: - | BI24: - | BJ24: - | BK24: - | BL24: - | BM24: - | BN24: - | BO24: - | BP24: =BW2 -> usual_burst_damage_in_very_long_range | BQ24: =$BV2 -> usual_burst_damage_in_long_range | BR24: =$BW2 -> usual_burst_damage_in_very_long_range | BS24: =$BW2 -> usual_burst_damage_in_very_long_range | BT24: =BW2 -> usual_burst_damage_in_very_long_range | BU24: =$BV2 -> usual_burst_damage_in_long_range | BV24: =$BW2 -> usual_burst_damage_in_very_long_range | BW24: =$BW2 -> usual_burst_damage_in_very_long_range | BX24: - | BY24: =BW2 -> usual_burst_damage_in_very_long_range | BZ24: =CONCATENATE("! ", CF2) -> ! surprise_attack_power_in_long_range | CA24: =CG2 -> surprise_attack_power_in_very_long_range | CB24: =CF2 -> surprise_attack_power_in_long_range | CC24: - | CD24: =$AD2 -> enemy_position_manipulation | CE24: =$AD2 -> enemy_position_manipulation | CF24: =$AD2 -> enemy_position_manipulation | CG24: =$AD2 -> enemy_position_manipulation | CH24: - | CI24: - | CJ24: =BG2 -> poison_debuffing | CK24: =CD2 -> surprise_attack_power_in_short_range | CL24: =CF2 -> surprise_attack_power_in_long_range | CM24: - | CO24: - | CP24: -
X25: - | Y25: - | Z25: - | AA25: =CONCATENATE("! ", CM2) -> ! multiple_pets_generation | AB25: - | AC25: - | AD25: - | AE25: - | AF25: - | AG25: - | AH25: - | AI25: - | AJ25: - | AK25: - | AL25: - | AM25: - | AN25: - | AO25: - | AP25: - | AQ25: - | AR25: - | AS25: - | AT25: - | AU25: - | AV25: - | AW25: - | AY25: - | AZ25: - | BA25: - | BB25: - | BC25: =CONCATENATE("! ", BB2) -> ! damage_buffing | BD25: - | BE25: - | BF25: =BS2 -> object_burst_damage_in_very_long_range | BG25: - | BH25: - | BI25: - | BJ25: - | BK25: - | BL25: - | BM25: - | BN25: - | BO25: - | BP25: =CJ2 -> pressure | BQ25: =$BW2 -> usual_burst_damage_in_very_long_range | BR25: =$CI2 -> easy_approach | BS25: =$CI2 -> easy_approach | BT25: =CJ2 -> pressure | BU25: =$BW2 -> usual_burst_damage_in_very_long_range | BV25: =$CI2 -> easy_approach | BW25: =$CI2 -> easy_approach | BX25: - | BY25: =CJ2 -> pressure | BZ25: =CONCATENATE("! ", CG2) -> ! surprise_attack_power_in_very_long_range | CA25: =CI2 -> easy_approach | CB25: - | CC25: - | CD25: =$BO2 -> block_enemies | CE25: =$BO2 -> block_enemies | CF25: =$BO2 -> block_enemies | CG25: =$BO2 -> block_enemies | CH25: - | CI25: - | CJ25: =BI2 -> stun_debuffing | CK25: =CE2 -> surprise_attack_power_in_medium_range | CL25: =CG2 -> surprise_attack_power_in_very_long_range | CM25: - | CO25: - | CP25: -
X26: - | Y26: - | Z26: - | AA26: =CONCATENATE("! ", CN2) -> ! durable_pets_generation | AB26: - | AC26: - | AD26: - | AE26: - | AF26: - | AG26: - | AH26: - | AI26: - | AJ26: - | AK26: - | AL26: - | AM26: - | AN26: - | AO26: - | AP26: - | AQ26: - | AR26: - | AS26: - | AT26: - | AU26: - | AV26: - | AW26: - | AY26: - | AZ26: - | BA26: - | BB26: - | BC26: - | BD26: - | BE26: - | BF26: - | BG26: - | BH26: - | BI26: - | BJ26: - | BK26: - | BL26: - | BM26: - | BN26: - | BO26: - | BP26: =AD2 -> enemy_position_manipulation | BQ26: =$CJ2 -> pressure | BR26: =$AD2 -> enemy_position_manipulation | BS26: - | BT26: =BO2 -> block_enemies | BU26: =$CJ2 -> pressure | BV26: - | BW26: - | BX26: - | BY26: =CONCATENATE("! ", CE2) -> ! surprise_attack_power_in_medium_range | BZ26: - | CA26: - | CB26: - | CC26: - | CD26: =$Z2 -> retreat_button | CE26: =$Z2 -> retreat_button | CF26: =$Z2 -> retreat_button | CG26: =$Z2 -> retreat_button | CH26: - | CI26: - | CJ26: =BK2 -> slowness_debuffing | CK26: =CF2 -> surprise_attack_power_in_long_range | CL26: =CI2 -> easy_approach | CM26: - | CN26: - | CO26: - | CP26: -
X27: - | Y27: - | Z27: - | AA27: =CONCATENATE("! ", CI2) -> ! easy_approach | AB27: - | AC27: - | AD27: - | AE27: - | AF27: - | AG27: - | AH27: - | AI27: - | AJ27: - | AK27: - | AL27: - | AM27: - | AN27: - | AO27: - | AP27: - | AQ27: - | AR27: - | AS27: - | AT27: - | AU27: - | AV27: - | AW27: - | AY27: - | AZ27: - | BA27: - | BB27: - | BC27: - | BD27: - | BE27: - | BF27: - | BG27: - | BH27: - | BI27: - | BJ27: - | BK27: - | BL27: - | BM27: - | BN27: - | BO27: - | BP27: =BO2 -> block_enemies | BQ27: =$BO2 -> block_enemies | BR27: - | BS27: - | BT27: - | BU27: =$BO2 -> block_enemies | BV27: - | BW27: - | BX27: - | BY27: =CONCATENATE("! ", CF2) -> ! surprise_attack_power_in_long_range | BZ27: - | CA27: - | CB27: - | CC27: - | CD27: =$BI2 -> stun_debuffing | CE27: =$BI2 -> stun_debuffing | CF27: =$BI2 -> stun_debuffing | CG27: =$BI2 -> stun_debuffing | CH27: - | CI27: - | CJ27: - | CK27: =CG2 -> surprise_attack_power_in_very_long_range | CL27: =AG2 -> wall_break_efficiency | CM27: - | CN27: - | CO27: - | CP27: -
X28: - | Y28: - | Z28: - | AA28: - | AB28: - | AC28: - | AD28: - | AE28: - | AF28: - | AG28: - | AH28: - | AI28: - | AJ28: - | AK28: - | AL28: - | AM28: - | AN28: - | AO28: - | AP28: - | AQ28: - | AR28: - | AS28: - | AT28: - | AU28: - | AV28: - | AW28: - | AY28: - | AZ28: - | BA28: - | BB28: - | BC28: - | BD28: - | BE28: - | BF28: - | BG28: - | BH28: - | BI28: - | BJ28: - | BK28: - | BL28: - | BM28: - | BN28: - | BO28: - | BP28: - | BQ28: =$AD2 -> enemy_position_manipulation | BR28: - | BS28: - | BT28: - | BU28: - | BV28: - | BW28: - | BX28: - | BY28: =CONCATENATE("! ", CG2) -> ! surprise_attack_power_in_very_long_range | BZ28: - | CA28: - | CB28: - | CC28: - | CD28: - | CE28: - | CF28: - | CG28: - | CH28: - | CI28: - | CJ28: - | CK28: - | CL28: - | CM28: - | CN28: - | CO28: - | CP28: -
W30: SINERGIAS | X30: - | Y30: - | Z30: =AV2 -> grass_vision | AA30: =AD2 -> enemy_position_manipulation | AB30: - | AC30: =AD2 -> enemy_position_manipulation | AD30: =AC2 -> area_denial | AE30: - | AF30: - | AG30: =Y2 -> _attack_distance | AH30: =Y2 -> _attack_distance | AI30: =CL2 -> indirect_damage | AJ30: - | AK30: - | AL30: - | AM30: - | AN30: - | AO30: - | AP30: - | AQ30: - | AR30: - | AS30: - | AT30: - | AU30: - | AV30: =BP2 -> object_burst_damage_in_short_range | AW30: - | AY30: =X2 -> _durability | AZ30: =BT2 -> usual_burst_damage_in_short_range | BA30: =BW2 -> usual_burst_damage_in_very_long_range | BB30: =X2 -> _durability | BC30: =CJ2 -> pressure | BD30: =AL2 -> _surprise_attack | BE30: =AL2 -> _surprise_attack | BF30: =BP2 -> object_burst_damage_in_short_range | BG30: =CJ2 -> pressure | BH30: =CONCATENATE("! ", BG2) -> ! poison_debuffing | BI30: =CL2 -> indirect_damage | BJ30: =CONCATENATE("! ", BI2) -> ! stun_debuffing | BK30: =AL2 -> _surprise_attack | BL30: =CONCATENATE("! ", BK2) -> ! slowness_debuffing | BM30: =CONCATENATE("! ", BN2) -> ! counter_attacks_canceling | BN30: =CONCATENATE("! ", BM2) -> ! attacks_canceling | BO30: =AV2 -> grass_vision | BP30: =Y2 -> _attack_distance | BQ30: =BY2 -> balance_between_damage_and_durability_in_short_range | BR30: =BY2 -> balance_between_damage_and_durability_in_short_range | BS30: =CJ2 -> pressure | BT30: =Y2 -> _attack_distance | BU30: =BY2 -> balance_between_damage_and_durability_in_short_range | BV30: =BY2 -> balance_between_damage_and_durability_in_short_range | BW30: =CJ2 -> pressure | BX30: - | BY30: =Y2 -> _attack_distance | BZ30: =BY2 -> balance_between_damage_and_durability_in_short_range | CA30: =BY2 -> balance_between_damage_and_durability_in_short_range | CB30: =CJ2 -> pressure | CC30: - | CD30: =BY2 -> balance_between_damage_and_durability_in_short_range | CE30: =BY2 -> balance_between_damage_and_durability_in_short_range | CF30: =BY2 -> balance_between_damage_and_durability_in_short_range | CG30: =BY2 -> balance_between_damage_and_durability_in_short_range | CH30: - | CI30: =BK2 -> slowness_debuffing | CJ30: =Y2 -> _attack_distance | CK30: =Y2 -> _attack_distance | CL30: =X2 -> _durability | CM30: =AL2 -> _surprise_attack | CN30: =CJ2 -> pressure | CO30: =AD2 -> enemy_position_manipulation | CP30: -
X31: - | Y31: - | Z31: - | AA31: =BA2 -> shield_buffing | AB31: - | AC31: =BI2 -> stun_debuffing | AD31: =AA2 -> wide_attack | AE31: - | AF31: - | AG31: =BC2 -> counter_damage_buffing | AH31: =BC2 -> counter_damage_buffing | AI31: =BY2 -> balance_between_damage_and_durability_in_short_range | AJ31: - | AK31: - | AL31: - | AM31: - | AN31: - | AO31: - | AP31: - | AQ31: - | AR31: - | AS31: - | AT31: - | AU31: - | AV31: =BQ2 -> object_burst_damage_in_medium_range | AW31: - | AY31: =Y2 -> _attack_distance | AZ31: =BU2 -> usual_burst_damage_in_medium_range | BA31: =BV2 -> usual_burst_damage_in_long_range | BB31: =CJ2 -> pressure | BC31: =X2 -> _durability | BD31: =BP2 -> object_burst_damage_in_short_range | BE31: =CI2 -> easy_approach | BF31: =BQ2 -> object_burst_damage_in_medium_range | BG31: =AL2 -> _surprise_attack | BH31: - | BI31: =BS2 -> object_burst_damage_in_very_long_range | BJ31: - | BK31: =BS2 -> object_burst_damage_in_very_long_range | BL31: - | BM31: - | BN31: - | BO31: - | BP31: =CJ2 -> pressure | BQ31: =Y2 -> _attack_distance | BR31: =Y2 -> _attack_distance | BS31: =BY2 -> balance_between_damage_and_durability_in_short_range | BT31: =CJ2 -> pressure | BU31: =Y2 -> _attack_distance | BV31: =Y2 -> _attack_distance | BW31: =BY2 -> balance_between_damage_and_durability_in_short_range | BX31: - | BY31: =CJ2 -> pressure | BZ31: =Y2 -> _attack_distance | CA31: =Y2 -> _attack_distance | CB31: =BY2 -> balance_between_damage_and_durability_in_short_range | CC31: - | CD31: =Y2 -> _attack_distance | CE31: =BK2 -> slowness_debuffing | CF31: =BK2 -> slowness_debuffing | CG31: =Z2 -> retreat_button | CH31: - | CI31: =X2 -> _durability | CJ31: =BH2 -> counter_poison_debuffing | CK31: =BY2 -> balance_between_damage_and_durability_in_short_range | CL31: =AI2 -> cover_creation_efficiency | CM31: =CJ2 -> pressure | CN31: =BT2 -> usual_burst_damage_in_short_range | CO31: =CJ2 -> pressure | CP31: -
X32: - | Y32: - | Z32: - | AA32: =AC2 -> area_denial | AB32: - | AC32: =AI2 -> cover_creation_efficiency | AD32: =BK2 -> slowness_debuffing | AE32: - | AF32: - | AG32: =CONCATENATE("! ", CL2) -> ! indirect_damage | AH32: - | AI32: - | AJ32: - | AK32: - | AL32: - | AM32: - | AN32: - | AO32: - | AP32: - | AQ32: - | AR32: - | AS32: - | AT32: - | AU32: - | AV32: =BR2 -> object_burst_damage_in_long_range | AW32: - | AY32: =CJ2 -> pressure | AZ32: =BV2 -> usual_burst_damage_in_long_range | BA32: - | BB32: - | BC32: =BP2 -> object_burst_damage_in_short_range | BD32: =BQ2 -> object_burst_damage_in_medium_range | BE32: =CJ2 -> pressure | BF32: =CK2 -> area_control | BG32: =CK2 -> area_control | BH32: - | BI32: =BR2 -> object_burst_damage_in_long_range | BJ32: - | BK32: =BR2 -> object_burst_damage_in_long_range | BL32: - | BM32: - | BN32: - | BO32: - | BP32: =BY2 -> balance_between_damage_and_durability_in_short_range | BQ32: =CJ2 -> pressure | BR32: =CJ2 -> pressure | BS32: =Y2 -> _attack_distance | BT32: =BY2 -> balance_between_damage_and_durability_in_short_range | BU32: =CJ2 -> pressure | BV32: =CJ2 -> pressure | BW32: =Y2 -> _attack_distance | BX32: - | BY32: =BY2 -> balance_between_damage_and_durability_in_short_range | BZ32: =CJ2 -> pressure | CA32: =CJ2 -> pressure | CB32: =Y2 -> _attack_distance | CC32: - | CD32: =Z2 -> retreat_button | CE32: =Y2 -> _attack_distance | CF32: =Y2 -> _attack_distance | CG32: =BK2 -> slowness_debuffing | CH32: - | CI32: - | CJ32: =BJ2 -> counter_stun_debuffing | CK32: - | CL32: =BY2 -> balance_between_damage_and_durability_in_short_range | CM32: - | CN32: =BU2 -> usual_burst_damage_in_medium_range | CO32: =CL2 -> indirect_damage | CP32: -
X33: - | Y33: - | Z33: - | AA33: - | AB33: - | AC33: =Y2 -> _attack_distance | AD33: =BT2 -> usual_burst_damage_in_short_range | AE33: - | AF33: - | AG33: - | AH33: - | AI33: - | AJ33: - | AK33: - | AL33: - | AM33: - | AN33: - | AO33: - | AP33: - | AQ33: - | AR33: - | AS33: - | AT33: - | AU33: - | AV33: =BS2 -> object_burst_damage_in_very_long_range | AW33: - | AY33: - | AZ33: =BW2 -> usual_burst_damage_in_very_long_range | BA33: - | BB33: - | BC33: =BQ2 -> object_burst_damage_in_medium_range | BD33: - | BE33: - | BF33: - | BG33: - | BH33: - | BI33: =AC2 -> area_denial | BJ33: - | BK33: - | BL33: - | BM33: - | BN33: - | BO33: - | BP33: - | BQ33: - | BR33: - | BS33: - | BT33: - | BU33: - | BV33: - | BW33: - | BX33: - | BY33: - | BZ33: - | CA33: - | CB33: - | CC33: - | CD33: =BK2 -> slowness_debuffing | CE33: =Z2 -> retreat_button | CF33: =Z2 -> retreat_button | CG33: =Y2 -> _attack_distance | CH33: - | CI33: - | CJ33: =BL2 -> counter_slowness_debuffing | CK33: - | CL33: - | CM33: - | CN33: - | CO33: =CI2 -> easy_approach | CP33: -
X34: - | Y34: - | Z34: - | AA34: - | AB34: - | AC34: - | AD34: =BU2 -> usual_burst_damage_in_medium_range | AE34: - | AF34: - | AG34: - | AH34: - | AI34: - | AJ34: - | AK34: - | AL34: - | AM34: - | AN34: - | AO34: - | AP34: - | AQ34: - | AR34: - | AS34: - | AT34: - | AU34: - | AV34: =Y2 -> _attack_distance | AW34: - | AY34: - | AZ34: - | BA34: - | BB34: - | BC34: - | BD34: - | BE34: - | BF34: - | BG34: - | BH34: - | BI34: - | BJ34: - | BK34: - | BL34: - | BM34: - | BN34: - | BO34: - | BP34: - | BQ34: - | BR34: - | BS34: - | BT34: - | BU34: - | BV34: - | BW34: - | BX34: - | BY34: - | BZ34: - | CA34: - | CB34: - | CC34: - | CD34: - | CE34: - | CF34: - | CG34: - | CH34: - | CI34: - | CJ34: =AY2 -> heal_buffing | CK34: - | CL34: - | CM34: - | CN34: - | CO34: - | CP34: -
AD35: =BV2 -> usual_burst_damage_in_long_range
AD36: =BW2 -> usual_burst_damage_in_very_long_range
W38: QUANT MENÇÕES | X38: =COUNTIF($X$22:$CP$28, X2) -> 0 | Y38: =COUNTIF($X$22:$CP$28, Y2) -> 0 | Z38: =COUNTIF($X$22:$CP$28, Z2) -> 9 | AA38: =COUNTIF($X$22:$CP$28, AA2) -> 5 | AB38: =COUNTIF($X$22:$CP$28, AB2) -> 0 | AC38: =COUNTIF($X$22:$CP$28, AC2) -> 1 | AD38: =COUNTIF($X$22:$CP$28, AD2) -> 7 | AE38: =COUNTIF($X$22:$CP$28, AE2) -> 0 | ... AW38: =COUNTIF($X$22:$CP$28, AW2) -> 0 | AY38: =COUNTIF($X$22:$CP$28, AY2) -> 0 | AZ38: =COUNTIF($X$22:$CP$28, AZ2) -> 1 | BA38: =COUNTIF($X$22:$CP$28, BA2) -> 1 | BB38: =COUNTIF($X$22:$CP$28, BB2) -> 1 | BC38: =COUNTIF($X$22:$CP$28, BC2) -> 1 | BD38: =COUNTIF($X$22:$CP$28, BD2) -> 0 | BE38: =COUNTIF($X$22:$CP$28, BE2) -> 0 | BF38: =COUNTIF($X$22:$CP$28, BF2) -> 0 | ... CP38: =COUNTIF($X$22:$CP$28, CP2) -> 0
X39: =COUNTIF($X$30:$CP$36, X2) -> 5 | Y39: =COUNTIF($X$30:$CP$36, Y2) -> 23 | Z39: =COUNTIF($X$30:$CP$36, Z2) -> 4 | AA39: =COUNTIF($X$30:$CP$36, AA2) -> 1 | AB39: =COUNTIF($X$30:$CP$36, AB2) -> 0 | AC39: =COUNTIF($X$30:$CP$36, AC2) -> 3 | AD39: =COUNTIF($X$30:$CP$36, AD2) -> 3 | AE39: =COUNTIF($X$30:$CP$36, AE2) -> 0 | ... AW39: =COUNTIF($X$30:$CP$36, AW2) -> 0 | AY39: =COUNTIF($X$30:$CP$36, AY2) -> 1 | AZ39: =COUNTIF($X$30:$CP$36, AZ2) -> 0 | BA39: =COUNTIF($X$30:$CP$36, BA2) -> 1 | BB39: =COUNTIF($X$30:$CP$36, BB2) -> 0 | BC39: =COUNTIF($X$30:$CP$36, BC2) -> 2 | BD39: =COUNTIF($X$30:$CP$36, BD2) -> 0 | BE39: =COUNTIF($X$30:$CP$36, BE2) -> 0 | BF39: =COUNTIF($X$30:$CP$36, BF2) -> 0 | ... CP39: =COUNTIF($X$30:$CP$36, CP2) -> 0

Sheet PRIMEIRO ACESSÓRIO
Z1: freq-based | AG1: freq-based | AH1: freq-based | AI1: freq-based | AM1: freq-based | AN1: freq-based | AP1: freq-based | AQ1: freq-based | AR1: freq-based | AS1: freq-based | AT1: freq-based | AV1: freq-based | AY1: freq-based | BA1: freq-based | BB1: freq-based | BD1: freq-based | BE1: freq-based | BF1: freq-based | BH1: freq-based | BJ1: freq-based | BK1: freq-based | BL1: freq-based | BO1: freq-based
B2: additional_power_name | C2: name | D2: main_specific_weakness | E2: specific_weakness | F2: _necessary_projectiles_to_charge_super | G2: _necessary_supers_to_charge_hipercharge | H2: _projectile_damage | I2: _shots_per_five_seconds | J2: _average_projectiles_per_shot | K2: _projectiles_per_shot_in_short_range | L2: _projectiles_per_shot_in_medium_range | M2: _projectiles_per_shot_in_long_range | N2: _projectiles_per_shot_in_very_long_range | O2: _shotting_time | P2: _auto_charge_super | Q2: super_damage_in_short_range | R2: super_damage_in_medium_range | S2: super_damage_in_long_range | T2: super_damage_in_very_long_range | U2: average_super_damage | V2: _super_time | W2: ocasional_damage | X2: _durability | Y2: _attack_distance | Z2: retreat_button | AA2: wide_attack | AB2: _indirect_damage_efficiency | AC2: area_denial | AD2: enemy_position_manipulation | AE2: water_walking | AF2: counter_water_walking | AG2: wall_break_efficiency | AH2: grass_break_efficiency | AI2: cover_creation_efficiency | AJ2: _movement_speed | AK2: _surprise_attack_power | AL2: _surprise_attack | AM2: _frequency_of_pets_generation | AN2: _accumulation_of_pets | AO2: _deteriorability_of_pets | AP2: _pets_resistence | AQ2: _pets_damage | AR2: _pets_range | AS2: _pets_speed | AT2: _pets_proximity | AU2: _increased_damage_when_grouped | AV2: grass_vision | AW2: circumstantiality_of_overall_proficiency | AX2: explanation_for_circumstantiality | AY2: heal_buffing | AZ2: counter_heal_buffing | BA2: shield_buffing | BB2: damage_buffing | BC2: counter_damage_buffing | BD2: speed_buffing | BE2: invisibility_buffing | BF2: positioning_buffing | BG2: poison_debuffing | BH2: counter_poison_debuffing | BI2: stun_debuffing | BJ2: counter_stun_debuffing | BK2: slowness_debuffing | BL2: counter_slowness_debuffing | BM2: attacks_canceling | BN2: counter_attacks_canceling | BO2: block_enemies | BQ2: RECARGA-DO-ACESSÓRIO
B3: WARPIN' TIME | C3: NANI | D3: usual_burst_damage_in_short_range | E3: retreat_button | F3: =((0 + 'BRAWLERS OFICIAL'!F3)-'BRAWLERS OFICIAL'!F3)/($BQ3/5) -> 0 | G3: =((0 + 'BRAWLERS OFICIAL'!G3)-'BRAWLERS OFICIAL'!G3)/($BQ3/5) -> 0 | H3: =((0 + 'BRAWLERS OFICIAL'!H3)-'BRAWLERS OFICIAL'!H3)/($BQ3/5) -> 0 | I3: =((0 + 'BRAWLERS OFICIAL'!I3)-'BRAWLERS OFICIAL'!I3)/($BQ3/5) -> 0 | J3: =((0 + 'BRAWLERS OFICIAL'!J3)-'BRAWLERS OFICIAL'!J3)/($BQ3/5) -> 0 | K3: =((0 + 'BRAWLERS OFICIAL'!K3)-'BRAWLERS OFICIAL'!K3)/($BQ3/5) -> 0 | L3: =((0 + 'BRAWLERS OFICIAL'!L3)-'BRAWLERS OFICIAL'!L3)/($BQ3/5) -> 0 | M3: =((0 + 'BRAWLERS OFICIAL'!M3)-'BRAWLERS OFICIAL'!M3)/($BQ3/5) -> 0 | ... V3: =((0 + 'BRAWLERS OFICIAL'!V3)-'BRAWLERS OFICIAL'!V3)/($BQ3/5) -> 0 | W3: =(0 + 'BRAWLERS OFICIAL'!W3)-'BRAWLERS OFICIAL'!W3 -> 0 | X3: =(( 0 + 'BRAWLERS OFICIAL'!X3 + AP3 + AY3/3.5 )-'BRAWLERS OFICIAL'!X3)/($BQ3/5) -> 0 | Y3: =((0 + 'BRAWLERS OFICIAL'!Y3)-'BRAWLERS OFICIAL'!Y3)/($BQ3/5) -> 0 | Z3: =(((5 + 6 + 5)/3)-'BRAWLERS OFICIAL'!Z3) -> 2 | AA3: =((0 + 'BRAWLERS OFICIAL'!AA3)-'BRAWLERS OFICIAL'!AA3)/($BQ3/5) -> 0 | AB3: =((0 + 'BRAWLERS OFICIAL'!AB3)-'BRAWLERS OFICIAL'!AB3)/($BQ3/5) -> 0 | AC3: =(((0)/4 + 'BRAWLERS OFICIAL'!AC3)-'BRAWLERS OFICIAL'!AC3)/($BQ3/5) -> 0 | AD3: =((0 + 'BRAWLERS OFICIAL'!AD3)-'BRAWLERS OFICIAL'!AD3)/($BQ3/5) -> 0 | AE3: =((0 + 'BRAWLERS OFICIAL'!AE3)-'BRAWLERS OFICIAL'!AE3)/($BQ3/5) -> 0 | AF3: =((0 + 'BRAWLERS OFICIAL'!AF3)-'BRAWLERS OFICIAL'!AF3)/($BQ3/5) -> 0 | AG3: =((0 + 'BRAWLERS OFICIAL'!AG3)-'BRAWLERS OFICIAL'!AG3) -> 0 | AH3: =((0 + 'BRAWLERS OFICIAL'!AH3)-'BRAWLERS OFICIAL'!AH3) -> 0 | AI3: =((0 + 'BRAWLERS OFICIAL'!AI3)-'BRAWLERS OFICIAL'!AI3) -> 0 | AJ3: =((0 + 'BRAWLERS OFICIAL'!AJ3)-'BRAWLERS OFICIAL'!AJ3)/($BQ3/5) -> 0 | AK3: =((7 + 'BRAWLERS OFICIAL'!AK3)-'BRAWLERS OFICIAL'!AK3)/($BQ3/5) -> 2.6923077 | AL3: =(((BK3/5+1)*AK3 + 'BRAWLERS OFICIAL'!AL3)-'BRAWLERS OFICIAL'!AL3)/($BQ3/5) -> 1.035503 | AM3: =IF( 0 = (1-1), (1-1), ((0 + 'BRAWLERS OFICIAL'!AM3)/1.5)-'BRAWLERS OFICIAL'!AM3 ) -> 0 | AN3: =IF( 0 = (1-1), (1-1), ( 0 ) ) -> 0 | AO3: =((0 + 'BRAWLERS OFICIAL'!AO3)-'BRAWLERS OFICIAL'!AO3)/($BQ3/5) -> 0 | AP3: =((0/1000 + 'BRAWLERS OFICIAL'!AP3)-'BRAWLERS OFICIAL'!AP3) -> 0 | AQ3: =((0 + 'BRAWLERS OFICIAL'!AQ3)-'BRAWLERS OFICIAL'!AQ3) -> 0 | AR3: =IF( 0 = (1-1), (1-1), ((0 + 'BRAWLERS OFICIAL'!AR3)/1.5) ) -> 0 | AS3: =IF( 0 = (1-1), (1-1), ((0 + 'BRAWLERS OFICIAL'!AS3)/1.5) ) -> 0 | AT3: =IF( 0 = (1-1), (1-1), ((0 + 'BRAWLERS OFICIAL'!AT3)/2) ) -> 0 | AU3: =((0 + 'BRAWLERS OFICIAL'!AU3)-'BRAWLERS OFICIAL'!AU3)/($BQ3/5) -> 0 | AV3: =(((0)/4 + 'BRAWLERS OFICIAL'!AV3)-'BRAWLERS OFICIAL'!AV3) -> 0 | AW3: 0 | AX3: none | AY3: =((( 0 )/3 + 'BRAWLERS OFICIAL'!AY3)-'BRAWLERS OFICIAL'!AY3) -> 0 | AZ3: =((( 0 )/2 + 'BRAWLERS OFICIAL'!AZ3)-'BRAWLERS OFICIAL'!AZ3)/($BQ3/5) -> 0 | BA3: =((( 0 )/2 + 'BRAWLERS OFICIAL'!BA3)-'BRAWLERS OFICIAL'!BA3) -> 0 | BB3: =((( 0 )/3 + 'BRAWLERS OFICIAL'!BB3)-'BRAWLERS OFICIAL'!BB3) -> 0 | BC3: =((( 0 )/2 + 'BRAWLERS OFICIAL'!BC3)-'BRAWLERS OFICIAL'!BC3)/($BQ3/5) -> 0 | BD3: =((( 0 )/3 + 'BRAWLERS OFICIAL'!BD3)-'BRAWLERS OFICIAL'!BD3) -> 0 | BE3: =((( 0 )/3 + 'BRAWLERS OFICIAL'!BE3)-'BRAWLERS OFICIAL'!BE3) -> 0 | BF3: =((0 + 'BRAWLERS OFICIAL'!BF3)-'BRAWLERS OFICIAL'!BF3)/($BQ3/5) -> 0 | BG3: =((0 + 'BRAWLERS OFICIAL'!BG3)-'BRAWLERS OFICIAL'!BG3)/($BQ3/5) -> 0 | BH3: =((( 0 )/2 + 'BRAWLERS OFICIAL'!BH3)-'BRAWLERS OFICIAL'!BH3) -> 0 | BI3: =((0 + 'BRAWLERS OFICIAL'!BI3)-'BRAWLERS OFICIAL'!BI3)/($BQ3/5) -> 0 | BJ3: =((( 0 )/2 + 'BRAWLERS OFICIAL'!BJ3)-'BRAWLERS OFICIAL'!BJ3) -> 0 | BK3: =((( 0 )/3 + 'BRAWLERS OFICIAL'!BK3)-'BRAWLERS OFICIAL'!BK3) -> 0 | BL3: =((( 0 )/2 + 'BRAWLERS OFICIAL'!BL3)-'BRAWLERS OFICIAL'!BL3) -> 0 | BM3: =((0 + 'BRAWLERS OFICIAL'!BM3)-'BRAWLERS OFICIAL'!BM3)/($BQ3/5) -> 0 | BN3: =((0 + 'BRAWLERS OFICIAL'!BN3)-'BRAWLERS OFICIAL'!BN3)/($BQ3/5) -> 0 | BO3: =((0 + 'BRAWLERS OFICIAL'!BO3)-'BRAWLERS OFICIAL'!BO3)/($BQ3/5) -> 0 | BQ3: 13
B4: STINGING FLIGHT | C4: ANGELO | D4: stun_debuffing | E4: easy_approach | F4: =((0 + 'BRAWLERS OFICIAL'!F4)-'BRAWLERS OFICIAL'!F4)/($BQ4/5) -> 0 | G4: =((0 + 'BRAWLERS OFICIAL'!G4)-'BRAWLERS OFICIAL'!G4)/($BQ4/5) -> 0 | H4: =((0 + 'BRAWLERS OFICIAL'!H4)-'BRAWLERS OFICIAL'!H4)/($BQ4/5) -> 0 | I4: =((0 + 'BRAWLERS OFICIAL'!I4)-'BRAWLERS OFICIAL'!I4)/($BQ4/5) -> 0 | J4: =((0.2 + 'BRAWLERS OFICIAL'!J4)-'BRAWLERS OFICIAL'!J4)/($BQ4/5) -> 0.055555556 | K4: =((0.2 + 'BRAWLERS OFICIAL'!K4)-'BRAWLERS OFICIAL'!K4)/($BQ4/5) -> 0.055555556 | L4: =((0 + 'BRAWLERS OFICIAL'!L4)-'BRAWLERS OFICIAL'!L4)/($BQ4/5) -> 0 | M4: =((0 + 'BRAWLERS OFICIAL'!M4)-'BRAWLERS OFICIAL'!M4)/($BQ4/5) -> 0 | N4: =((0 + 'BRAWLERS OFICIAL'!N4)-'BRAWLERS OFICIAL'!N4)/($BQ4/5) -> 0 | O4: =((0 + 'BRAWLERS OFICIAL'!O4)-'BRAWLERS OFICIAL'!O4)/($BQ4/5) -> 0 | P4: =((0 + 'BRAWLERS OFICIAL'!P4)-'BRAWLERS OFICIAL'!P4)/($BQ4/5) -> 0 | Q4: =(( 0 + 'BRAWLERS OFICIAL'!Q4)-'BRAWLERS OFICIAL'!Q4)/($BQ4/5) -> 0 | R4: =((0 + 'BRAWLERS OFICIAL'!R4)-'BRAWLERS OFICIAL'!R4)/($BQ4/5) -> 0 | S4: =((0 + 'BRAWLERS OFICIAL'!S4)-'BRAWLERS OFICIAL'!S4)/($BQ4/5) -> 0 | T4: =((0 + 'BRAWLERS OFICIAL'!T4)-'BRAWLERS OFICIAL'!T4)/($BQ4/5) -> 0 | U4: =((0 + 'BRAWLERS OFICIAL'!U4)-'BRAWLERS OFICIAL'!U4)/($BQ4/5) -> 0 | V4: =((0 + 'BRAWLERS OFICIAL'!V4)-'BRAWLERS OFICIAL'!V4)/($BQ4/5) -> 0 | W4: =(0 + 'BRAWLERS OFICIAL'!W4)-'BRAWLERS OFICIAL'!W4 -> 0 | X4: =(( 660/1400/2 + 'BRAWLERS OFICIAL'!X4 + AP4 + AY4/3.5 )-'BRAWLERS OFICIAL'!X4)/($BQ4/5) -> 0.06547619 | Y4: =((0 + 'BRAWLERS OFICIAL'!Y4)-'BRAWLERS OFICIAL'!Y4)/($BQ4/5) -> 0 | Z4: =(((6.5 + 7 + 10)/3)-'BRAWLERS OFICIAL'!Z4) -> 7.8333333 | AA4: =((0 + 'BRAWLERS OFICIAL'!AA4)-'BRAWLERS OFICIAL'!AA4)/($BQ4/5) -> 0 | AB4: =((0 + 'BRAWLERS OFICIAL'!AB4)-'BRAWLERS OFICIAL'!AB4)/($BQ4/5) -> 0 | AC4: =(((0)/4 + 'BRAWLERS OFICIAL'!AC4)-'BRAWLERS OFICIAL'!AC4)/($BQ4/5) -> 0 | AD4: =((0 + 'BRAWLERS OFICIAL'!AD4)-'BRAWLERS OFICIAL'!AD4)/($BQ4/5) -> 0 | AE4: =((0 + 'BRAWLERS OFICIAL'!AE4)-'BRAWLERS OFICIAL'!AE4)/($BQ4/5) -> 0 | AF4: =((0 + 'BRAWLERS OFICIAL'!AF4)-'BRAWLERS OFICIAL'!AF4)/($BQ4/5) -> 0 | AG4: =((0 + 'BRAWLERS OFICIAL'!AG4)-'BRAWLERS OFICIAL'!AG4) -> 0 | AH4: =((0 + 'BRAWLERS OFICIAL'!AH4)-'BRAWLERS OFICIAL'!AH4) -> 0 | AI4: =((0 + 'BRAWLERS OFICIAL'!AI4)-'BRAWLERS OFICIAL'!AI4) -> 0 | AJ4: =((0 + 'BRAWLERS OFICIAL'!AJ4)-'BRAWLERS OFICIAL'!AJ4)/($BQ4/5) -> 0 | AK4: =((1 + 'BRAWLERS OFICIAL'!AK4)-'BRAWLERS OFICIAL'!AK4)/($BQ4/5) -> 0.27777778 | AL4: =(((BK4/5+1)*AK4 + 'BRAWLERS OFICIAL'!AL4)-'BRAWLERS OFICIAL'!AL4)/($BQ4/5) -> 0.077160494 | AM4: =IF( 0 = (1-1), (1-1), ((0 + 'BRAWLERS OFICIAL'!AM4)/1.5)-'BRAWLERS OFICIAL'!AM4 ) -> 0 | AN4: =IF( 0 = (1-1), (1-1), ( 0 ) ) -> 0 | AO4: =((0 + 'BRAWLERS OFICIAL'!AO4)-'BRAWLERS OFICIAL'!AO4)/($BQ4/5) -> 0 | AP4: =((0/1000 + 'BRAWLERS OFICIAL'!AP4)-'BRAWLERS OFICIAL'!AP4) -> 0 | AQ4: =((0 + 'BRAWLERS OFICIAL'!AQ4)-'BRAWLERS OFICIAL'!AQ4) -> 0 | AR4: =IF( 0 = (1-1), (1-1), ((0 + 'BRAWLERS OFICIAL'!AR4)/1.5) ) -> 0 | AS4: =IF( 0 = (1-1), (1-1), ((0 + 'BRAWLERS OFICIAL'!AS4)/1.5) ) -> 0 | AT4: =IF( 0 = (1-1), (1-1), ((0 + 'BRAWLERS OFICIAL'!AT4)/2) ) -> 0 | AU4: =((0 + 'BRAWLERS OFICIAL'!AU4)-'BRAWLERS OFICIAL'!AU4)/($BQ4/5) -> 0 | AV4: =(((0)/4 + 'BRAWLERS OFICIAL'!AV4)-'BRAWLERS OFICIAL'!AV4) -> 0 | AW4: 0 | AX4: none | AY4: =((( 0 )/3 + 'BRAWLERS OFICIAL'!AY4)-'BRAWLERS OFICIAL'!AY4) -> 0 | AZ4: =((( 0 )/2 + 'BRAWLERS OFICIAL'!AZ4)-'BRAWLERS OFICIAL'!AZ4)/($BQ4/5) -> 0 | BA4: =((( 0 )/2 + 'BRAWLERS OFICIAL'!BA4)-'BRAWLERS OFICIAL'!BA4) -> 0 | BB4: =((( 0 )/3 + 'BRAWLERS OFICIAL'!BB4)-'BRAWLERS OFICIAL'!BB4) -> 0 | BC4: =((( 0 )/2 + 'BRAWLERS OFICIAL'!BC4)-'BRAWLERS OFICIAL'!BC4)/($BQ4/5) -> 0 | BD4: =((( 0 )/3 + 'BRAWLERS OFICIAL'!BD4)-'BRAWLERS OFICIAL'!BD4) -> 0 | BE4: =((( 0 )/3 + 'BRAWLERS OFICIAL'!BE4)-'BRAWLERS OFICIAL'!BE4) -> 0 | BF4: =((0 + 'BRAWLERS OFICIAL'!BF4)-'BRAWLERS OFICIAL'!BF4)/($BQ4/5) -> 0 | BG4: =((0 + 'BRAWLERS OFICIAL'!BG4)-'BRAWLERS OFICIAL'!BG4)/($BQ4/5) -> 0 | BH4: =((( 0 )/2 + 'BRAWLERS OFICIAL'!BH4)-'BRAWLERS OFICIAL'!BH4) -> 0 | BI4: =((0 + 'BRAWLERS OFICIAL'!BI4)-'BRAWLERS OFICIAL'!BI4)/($BQ4/5) -> 0 | BJ4: =((( 0 )/2 + 'BRAWLERS OFICIAL'!BJ4)-'BRAWLERS OFICIAL'!BJ4) -> 0 | BK4: =((( 0 )/3 + 'BRAWLERS OFICIAL'!BK4)-'BRAWLERS OFICIAL'!BK4) -> 0 | BL4: =((( 0 )/2 + 'BRAWLERS OFICIAL'!BL4)-'BRAWLERS OFICIAL'!BL4) -> 0 | BM4: =((0 + 'BRAWLERS OFICIAL'!BM4)-'BRAWLERS OFICIAL'!BM4)/($BQ4/5) -> 0 | BN4: =((0 + 'BRAWLERS OFICIAL'!BN4)-'BRAWLERS OFICIAL'!BN4)/($BQ4/5) -> 0 | BO4: =((0 + 'BRAWLERS OFICIAL'!BO4)-'BRAWLERS OFICIAL'!BO4)/($BQ4/5) -> 0 | BQ4: 18
B5: MULTIBALL LAUNCHER | C5: RICO | D5: wall_break_efficiency | E5: balance_between_damage_and_durability_in_very_long_range | F5: =((0 + 'BRAWLERS OFICIAL'!F5)-'BRAWLERS OFICIAL'!F5)/($BQ5/5) -> 0 | G5: =((0 + 'BRAWLERS OFICIAL'!G5)-'BRAWLERS OFICIAL'!G5)/($BQ5/5) -> 0 | H5: =((0 + 'BRAWLERS OFICIAL'!H5)-'BRAWLERS OFICIAL'!H5)/($BQ5/5) -> 0 | I5: =((0 + 'BRAWLERS OFICIAL'!I5)-'BRAWLERS OFICIAL'!I5)/($BQ5/5) -> 0 | J5: =((9.5 + 'BRAWLERS OFICIAL'!J5)-'BRAWLERS OFICIAL'!J5)/($BQ5/5) -> 2.1590909 | K5: =((9.5 + 'BRAWLERS OFICIAL'!K5)-'BRAWLERS OFICIAL'!K5)/($BQ5/5) -> 2.1590909 | L5: =((5 + 'BRAWLERS OFICIAL'!L5)-'BRAWLERS OFICIAL'!L5)/($BQ5/5) -> 1.1363636 | M5: =((2 + 'BRAWLERS OFICIAL'!M5)-'BRAWLERS OFICIAL'!M5)/($BQ5/5) -> 0.45454545 | N5: =((1 + 'BRAWLERS OFICIAL'!N5)-'BRAWLERS OFICIAL'!N5)/($BQ5/5) -> 0.22727273 | O5: =((0 + 'BRAWLERS OFICIAL'!O5)-'BRAWLERS OFICIAL'!O5)/($BQ5/5) -> 0 | P5: =((0 + 'BRAWLERS OFICIAL'!P5)-'BRAWLERS OFICIAL'!P5)/($BQ5/5) -> 0 | Q5: =((0 + 'BRAWLERS OFICIAL'!Q5)-'BRAWLERS OFICIAL'!Q5)/($BQ5/5) -> 0 | R5: =((0 + 'BRAWLERS OFICIAL'!R5)-'BRAWLERS OFICIAL'!R5)/($BQ5/5) -> 0 | S5: =((0 + 'BRAWLERS OFICIAL'!S5)-'BRAWLERS OFICIAL'!S5)/($BQ5/5) -> 0 | T5: =((0 + 'BRAWLERS OFICIAL'!T5)-'BRAWLERS OFICIAL'!T5)/($BQ5/5) -> 0 | U5: =((0 + 'BRAWLERS OFICIAL'!U5)-'BRAWLERS OFICIAL'!U5)/($BQ5/5) -> 0 | V5: =((0 + 'BRAWLERS OFICIAL'!V5)-'BRAWLERS OFICIAL'!V5)/($BQ5/5) -> 0 | W5: =(0 + 'BRAWLERS OFICIAL'!W5)-'BRAWLERS OFICIAL'!W5 -> 0 | X5: =(( 0 + 'BRAWLERS OFICIAL'!X5 + AP5 + AY5/3.5 )-'BRAWLERS OFICIAL'!X5)/($BQ5/5) -> 0 | Y5: =((0 + 'BRAWLERS OFICIAL'!Y5)-'BRAWLERS OFICIAL'!Y5)/($BQ5/5) -> 0 | Z5: =(((0)/3 + 'BRAWLERS OFICIAL'!Z5)-'BRAWLERS OFICIAL'!Z5) -> 0 | AA5: =((8 + 'BRAWLERS OFICIAL'!AA5)-'BRAWLERS OFICIAL'!AA5)/($BQ5/5) -> 1.8181818 | AB5: =((0 + 'BRAWLERS OFICIAL'!AB5)-'BRAWLERS OFICIAL'!AB5)/($BQ5/5) -> 0 | AC5: =(((0)/4 + 'BRAWLERS OFICIAL'!AC5)-'BRAWLERS OFICIAL'!AC5)/($BQ5/5) -> 0 | AD5: =((0 + 'BRAWLERS OFICIAL'!AD5)-'BRAWLERS OFICIAL'!AD5)/($BQ5/5) -> 0 | AE5: =((0 + 'BRAWLERS OFICIAL'!AE5)-'BRAWLERS OFICIAL'!AE5)/($BQ5/5) -> 0 | AF5: =((0 + 'BRAWLERS OFICIAL'!AF5)-'BRAWLERS OFICIAL'!AF5)/($BQ5/5) -> 0 | AG5: =((0 + 'BRAWLERS OFICIAL'!AG5)-'BRAWLERS OFICIAL'!AG5) -> 0 | AH5: =((0 + 'BRAWLERS OFICIAL'!AH5)-'BRAWLERS OFICIAL'!AH5) -> 0 | AI5: =((0 + 'BRAWLERS OFICIAL'!AI5)-'BRAWLERS OFICIAL'!AI5) -> 0 | AJ5: =((0 + 'BRAWLERS OFICIAL'!AJ5)-'BRAWLERS OFICIAL'!AJ5)/($BQ5/5) -> 0 | AK5: =((0 + 'BRAWLERS OFICIAL'!AK5)-'BRAWLERS OFICIAL'!AK5)/($BQ5/5) -> 0 | AL5: =(((BK5/5+1)*AK5 + 'BRAWLERS OFICIAL'!AL5)-'BRAWLERS OFICIAL'!AL5)/($BQ5/5) -> 0 | AM5: =IF( 0 = (1-1), (1-1), ((0 + 'BRAWLERS OFICIAL'!AM5)/1.5)-'BRAWLERS OFICIAL'!AM5 ) -> 0 | AN5: =IF( 0 = (1-1), (1-1), ( 0 ) ) -> 0 | AO5: =((0 + 'BRAWLERS OFICIAL'!AO5)-'BRAWLERS OFICIAL'!AO5)/($BQ5/5) -> 0 | AP5: =((0/1000 + 'BRAWLERS OFICIAL'!AP5)-'BRAWLERS OFICIAL'!AP5) -> 0 | AQ5: =((0 + 'BRAWLERS OFICIAL'!AQ5)-'BRAWLERS OFICIAL'!AQ5) -> 0 | AR5: =IF( 0 = (1-1), (1-1), ((0 + 'BRAWLERS OFICIAL'!AR5)/1.5) ) -> 0 | AS5: =IF( 0 = (1-1), (1-1), ((0 + 'BRAWLERS OFICIAL'!AS5)/1.5) ) -> 0 | AT5: =IF( 0 = (1-1), (1-1), ((0 + 'BRAWLERS OFICIAL'!AT5)/2) ) -> 0 | AU5: =((0 + 'BRAWLERS OFICIAL'!AU5)-'BRAWLERS OFICIAL'!AU5)/($BQ5/5) -> 0 | AV5: =(((0)/4 + 'BRAWLERS OFICIAL'!AV5)-'BRAWLERS OFICIAL'!AV5) -> 0 | AW5: 0 | AX5: none | AY5: =((( 0 )/3 + 'BRAWLERS OFICIAL'!AY5)-'BRAWLERS OFICIAL'!AY5) -> 0 | AZ5: =((( 0 )/2 + 'BRAWLERS OFICIAL'!AZ5)-'BRAWLERS OFICIAL'!AZ5)/($BQ5/5) -> 0 | BA5: =((( 0 )/2 + 'BRAWLERS OFICIAL'!BA5)-'BRAWLERS OFICIAL'!BA5) -> 0 | BB5: =((( 0 )/3 + 'BRAWLERS OFICIAL'!BB5)-'BRAWLERS OFICIAL'!BB5) -> 0 | BC5: =((( 0 )/2 + 'BRAWLERS OFICIAL'!BC5)-'BRAWLERS OFICIAL'!BC5)/($BQ5/5) -> 0 | BD5: =((( 0 )/3 + 'BRAWLERS OFICIAL'!BD5)-'BRAWLERS OFICIAL'!BD5) -> 0 | BE5: =((( 0 )/3 + 'BRAWLERS OFICIAL'!BE5)-'BRAWLERS OFICIAL'!BE5) -> 0 | BF5: =((0 + 'BRAWLERS OFICIAL'!BF5)-'BRAWLERS OFICIAL'!BF5)/($BQ5/5) -> 0 | BG5: =((0 + 'BRAWLERS OFICIAL'!BG5)-'BRAWLERS OFICIAL'!BG5)/($BQ5/5) -> 0 | BH5: =((( 0 )/2 + 'BRAWLERS OFICIAL'!BH5)-'BRAWLERS OFICIAL'!BH5) -> 0 | BI5: =((0 + 'BRAWLERS OFICIAL'!BI5)-'BRAWLERS OFICIAL'!BI5)/($BQ5/5) -> 0 | BJ5: =((( 0 )/2 + 'BRAWLERS OFICIAL'!BJ5)-'BRAWLERS OFICIAL'!BJ5) -> 0 | BK5: =((( 0 )/3 + 'BRAWLERS OFICIAL'!BK5)-'BRAWLERS OFICIAL'!BK5) -> 0 | BL5: =((( 0 )/2 + 'BRAWLERS OFICIAL'!BL5)-'BRAWLERS OFICIAL'!BL5) -> 0 | BM5: =((0 + 'BRAWLERS OFICIAL'!BM5)-'BRAWLERS OFICIAL'!BM5)/($BQ5/5) -> 0 | BN5: =((0 + 'BRAWLERS OFICIAL'!BN5)-'BRAWLERS OFICIAL'!BN5)/($BQ5/5) -> 0 | BO5: =((0 + 'BRAWLERS OFICIAL'!BO5)-'BRAWLERS OFICIAL'!BO5)/($BQ5/5) -> 0 | BQ5: 22
B6: POPPING PINCUSHION | C6: SPIKE | D6: balance_between_damage_and_durability_in_very_long_range | E6: balance_between_damage_and_durability_in_long_range | F6: =((0 + 'BRAWLERS OFICIAL'!F6)-'BRAWLERS OFICIAL'!F6)/($BQ6/5) -> 0 | G6: =((0 + 'BRAWLERS OFICIAL'!G6)-'BRAWLERS OFICIAL'!G6)/($BQ6/5) -> 0 | H6: =((0 + 'BRAWLERS OFICIAL'!H6)-'BRAWLERS OFICIAL'!H6)/($BQ6/5) -> 0 | I6: =((0 + 'BRAWLERS OFICIAL'!I6)-'BRAWLERS OFICIAL'!I6)/($BQ6/5) -> 0 | J6: =((4 + 'BRAWLERS OFICIAL'!J6)-'BRAWLERS OFICIAL'!J6)/($BQ6/5) -> 1.1764706 | K6: =((4 + 'BRAWLERS OFICIAL'!K6)-'BRAWLERS OFICIAL'!K6)/($BQ6/5) -> 1.1764706 | L6: =((2.5 + 'BRAWLERS OFICIAL'!L6)-'BRAWLERS OFICIAL'!L6)/($BQ6/5) -> 0.73529412 | M6: =((1.5 + 'BRAWLERS OFICIAL'!M6)-'BRAWLERS OFICIAL'!M6)/($BQ6/5) -> 0.44117647 | N6: =((0 + 'BRAWLERS OFICIAL'!N6)-'BRAWLERS OFICIAL'!N6)/($BQ6/5) -> 0 | O6: =((0 + 'BRAWLERS OFICIAL'!O6)-'BRAWLERS OFICIAL'!O6)/($BQ6/5) -> 0 | P6: =((0 + 'BRAWLERS OFICIAL'!P6)-'BRAWLERS OFICIAL'!P6)/($BQ6/5) -> 0 | Q6: =((0 + 'BRAWLERS OFICIAL'!Q6)-'BRAWLERS OFICIAL'!Q6)/($BQ6/5) -> 0 | R6: =((0 + 'BRAWLERS OFICIAL'!R6)-'BRAWLERS OFICIAL'!R6)/($BQ6/5) -> 0 | S6: =((0 + 'BRAWLERS OFICIAL'!S6)-'BRAWLERS OFICIAL'!S6)/($BQ6/5) -> 0 | T6: =((0 + 'BRAWLERS OFICIAL'!T6)-'BRAWLERS OFICIAL'!T6)/($BQ6/5) -> 0 | U6: =((0 + 'BRAWLERS OFICIAL'!U6)-'BRAWLERS OFICIAL'!U6)/($BQ6/5) -> 0 | V6: =((0 + 'BRAWLERS OFICIAL'!V6)-'BRAWLERS OFICIAL'!V6)/($BQ6/5) -> 0 | W6: =(0 + 'BRAWLERS OFICIAL'!W6)-'BRAWLERS OFICIAL'!W6 -> 0 | X6: =(( 0 + 'BRAWLERS OFICIAL'!X6 + AP6 + AY6/3.5 )-'BRAWLERS OFICIAL'!X6)/($BQ6/5) -> 0 | Y6: =((0 + 'BRAWLERS OFICIAL'!Y6)-'BRAWLERS OFICIAL'!Y6)/($BQ6/5) -> 0 | Z6: =(((0)/3 + 'BRAWLERS OFICIAL'!Z6)-'BRAWLERS OFICIAL'!Z6) -> 0 | AA6: =((3 + 'BRAWLERS OFICIAL'!AA6)-'BRAWLERS OFICIAL'!AA6)/($BQ6/5) -> 0.88235294 | AB6: =((0 + 'BRAWLERS OFICIAL'!AB6)-'BRAWLERS OFICIAL'!AB6)/($BQ6/5) -> 0 | AC6: =(((0)/4 + 'BRAWLERS OFICIAL'!AC6)-'BRAWLERS OFICIAL'!AC6)/($BQ6/5) -> 0 | AD6: =((0 + 'BRAWLERS OFICIAL'!AD6)-'BRAWLERS OFICIAL'!AD6)/($BQ6/5) -> 0 | AE6: =((0 + 'BRAWLERS OFICIAL'!AE6)-'BRAWLERS OFICIAL'!AE6)/($BQ6/5) -> 0 | AF6: =((0 + 'BRAWLERS OFICIAL'!AF6)-'BRAWLERS OFICIAL'!AF6)/($BQ6/5) -> 0 | AG6: =((0 + 'BRAWLERS OFICIAL'!AG6)-'BRAWLERS OFICIAL'!AG6) -> 0 | AH6: =((0 + 'BRAWLERS OFICIAL'!AH6)-'BRAWLERS OFICIAL'!AH6) -> 0 | AI6: =((0 + 'BRAWLERS OFICIAL'!AI6)-'BRAWLERS OFICIAL'!AI6) -> 0 | AJ6: =((0 + 'BRAWLERS OFICIAL'!AJ6)-'BRAWLERS OFICIAL'!AJ6)/($BQ6/5) -> 0 | AK6: =((0 + 'BRAWLERS OFICIAL'!AK6)-'BRAWLERS OFICIAL'!AK6)/($BQ6/5) -> 0 | AL6: =(((BK6/5+1)*AK6 + 'BRAWLERS OFICIAL'!AL6)-'BRAWLERS OFICIAL'!AL6)/($BQ6/5) -> 0 | AM6: =IF( 0 = (1-1), (1-1), ((0 + 'BRAWLERS OFICIAL'!AM6)/1.5)-'BRAWLERS OFICIAL'!AM6 ) -> 0 | AN6: =IF( 0 = (1-1), (1-1), ( 0 ) ) -> 0 | AO6: =((0 + 'BRAWLERS OFICIAL'!AO6)-'BRAWLERS OFICIAL'!AO6)/($BQ6/5) -> 0 | AP6: =((0/1000 + 'BRAWLERS OFICIAL'!AP6)-'BRAWLERS OFICIAL'!AP6) -> 0 | AQ6: =((0 + 'BRAWLERS OFICIAL'!AQ6)-'BRAWLERS OFICIAL'!AQ6) -> 0 | AR6: =IF( 0 = (1-1), (1-1), ((0 + 'BRAWLERS OFICIAL'!AR6)/1.5) ) -> 0 | AS6: =IF( 0 = (1-1), (1-1), ((0 + 'BRAWLERS OFICIAL'!AS6)/1.5) ) -> 0 | AT6: =IF( 0 = (1-1), (1-1), ((0 + 'BRAWLERS OFICIAL'!AT6)/2) ) -> 0 | AU6: =((0 + 'BRAWLERS OFICIAL'!AU6)-'BRAWLERS OFICIAL'!AU6)/($BQ6/5) -> 0 | AV6: =(((0)/4 + 'BRAWLERS OFICIAL'!AV6)-'BRAWLERS OFICIAL'!AV6) -> 0 | AW6: 0 | AX6: none | AY6: =((( 0 )/3 + 'BRAWLERS OFICIAL'!AY6)-'BRAWLERS OFICIAL'!AY6) -> 0 | AZ6: =((( 0 )/2 + 'BRAWLERS OFICIAL'!AZ6)-'BRAWLERS OFICIAL'!AZ6)/($BQ6/5) -> 0 | BA6: =((( 0 )/2 + 'BRAWLERS OFICIAL'!BA6)-'BRAWLERS OFICIAL'!BA6) -> 0 | BB6: =((( 0 )/3 + 'BRAWLERS OFICIAL'!BB6)-'BRAWLERS OFICIAL'!BB6) -> 0 | BC6: =((( 0 )/2 + 'BRAWLERS OFICIAL'!BC6)-'BRAWLERS OFICIAL'!BC6)/($BQ6/5) -> 0 | BD6: =((( 0 )/3 + 'BRAWLERS OFICIAL'!BD6)-'BRAWLERS OFICIAL'!BD6) -> 0 | BE6: =((( 0 )/3 + 'BRAWLERS OFICIAL'!BE6)-'BRAWLERS OFICIAL'!BE6) -> 0 | BF6: =((0 + 'BRAWLERS OFICIAL'!BF6)-'BRAWLERS OFICIAL'!BF6)/($BQ6/5) -> 0 | BG6: =((0 + 'BRAWLERS OFICIAL'!BG6)-'BRAWLERS OFICIAL'!BG6)/($BQ6/5) -> 0 | BH6: =((( 0 )/2 + 'BRAWLERS OFICIAL'!BH6)-'BRAWLERS OFICIAL'!BH6) -> 0 | BI6: =((4 + 'BRAWLERS OFICIAL'!BI6)-'BRAWLERS OFICIAL'!BI6)/($BQ6/5) -> 1.1764706 | BJ6: =((( 0 )/2 + 'BRAWLERS OFICIAL'!BJ6)-'BRAWLERS OFICIAL'!BJ6) -> 0 | BK6: =((( 0 )/3 + 'BRAWLERS OFICIAL'!BK6)-'BRAWLERS OFICIAL'!BK6) -> 0 | BL6: =((( 0 )/2 + 'BRAWLERS OFICIAL'!BL6)-'BRAWLERS OFICIAL'!BL6) -> 0 | BM6: =((0 + 'BRAWLERS OFICIAL'!BM6)-'BRAWLERS OFICIAL'!BM6)/($BQ6/5) -> 0 | BN6: =((0 + 'BRAWLERS OFICIAL'!BN6)-'BRAWLERS OFICIAL'!BN6)/($BQ6/5) -> 0 | BO6: =((0 + 'BRAWLERS OFICIAL'!BO6)-'BRAWLERS OFICIAL'!BO6)/($BQ6/5) -> 0 | BQ6: 17
B7: CLONE PROJECTOR | C7: LEON | D7: groupment_punishment | E7: wide_attack | F7: =((0 + 'BRAWLERS OFICIAL'!F7)-'BRAWLERS OFICIAL'!F7)/($BQ7/5) -> 0 | G7: =((0 + 'BRAWLERS OFICIAL'!G7)-'BRAWLERS OFICIAL'!G7)/($BQ7/5) -> 0 | H7: =((0 + 'BRAWLERS OFICIAL'!H7)-'BRAWLERS OFICIAL'!H7)/($BQ7/5) -> 0 | I7: =((0 + 'BRAWLERS OFICIAL'!I7)-'BRAWLERS OFICIAL'!I7)/($BQ7/5) -> 0 | J7: =((0 + 'BRAWLERS OFICIAL'!J7)-'BRAWLERS OFICIAL'!J7)/($BQ7/5) -> 0 | K7: =((0 + 'BRAWLERS OFICIAL'!K7)-'BRAWLERS OFICIAL'!K7)/($BQ7/5) -> 0 | L7: =((0 + 'BRAWLERS OFICIAL'!L7)-'BRAWLERS OFICIAL'!L7)/($BQ7/5) -> 0 | M7: =((0 + 'BRAWLERS OFICIAL'!M7)-'BRAWLERS OFICIAL'!M7)/($BQ7/5) -> 0 | ... V7: =((0 + 'BRAWLERS OFICIAL'!V7)-'BRAWLERS OFICIAL'!V7)/($BQ7/5) -> 0 | W7: =(0 + 'BRAWLERS OFICIAL'!W7)-'BRAWLERS OFICIAL'!W7 -> 0 | X7: =(( 0 + 'BRAWLERS OFICIAL'!X7 + AP7 + AY7/3.5 )-'BRAWLERS OFICIAL'!X7)/($BQ7/5) -> 1.2692308 | Y7: =((0 + 'BRAWLERS OFICIAL'!Y7)-'BRAWLERS OFICIAL'!Y7)/($BQ7/5) -> 0 | Z7: =(((8 + 8 + 5)/3)-'BRAWLERS OFICIAL'!Z7) -> 1 | AA7: =((0 + 'BRAWLERS OFICIAL'!AA7)-'BRAWLERS OFICIAL'!AA7)/($BQ7/5) -> 0 | AB7: =((0 + 'BRAWLERS OFICIAL'!AB7)-'BRAWLERS OFICIAL'!AB7)/($BQ7/5) -> 0 | AC7: =(((0)/4 + 'BRAWLERS OFICIAL'!AC7)-'BRAWLERS OFICIAL'!AC7)/($BQ7/5) -> 0 | AD7: =((0 + 'BRAWLERS OFICIAL'!AD7)-'BRAWLERS OFICIAL'!AD7)/($BQ7/5) -> 0 | AE7: =((0 + 'BRAWLERS OFICIAL'!AE7)-'BRAWLERS OFICIAL'!AE7)/($BQ7/5) -> 0 | AF7: =((0 + 'BRAWLERS OFICIAL'!AF7)-'BRAWLERS OFICIAL'!AF7)/($BQ7/5) -> 0 | AG7: =((0 + 'BRAWLERS OFICIAL'!AG7)-'BRAWLERS OFICIAL'!AG7) -> 0 | AH7: =((0 + 'BRAWLERS OFICIAL'!AH7)-'BRAWLERS OFICIAL'!AH7) -> 0 | AI7: =((0 + 'BRAWLERS OFICIAL'!AI7)-'BRAWLERS OFICIAL'!AI7) -> 0 | AJ7: =((0 + 'BRAWLERS OFICIAL'!AJ7)-'BRAWLERS OFICIAL'!AJ7)/($BQ7/5) -> 0 | AK7: =((5 + 'BRAWLERS OFICIAL'!AK7)-'BRAWLERS OFICIAL'!AK7)/($BQ7/5) -> 1.9230769 | AL7: =(((BK7/5+1)*AK7 + 'BRAWLERS OFICIAL'!AL7)-'BRAWLERS OFICIAL'!AL7)/($BQ7/5) -> 0.73964497 | AM7: =IF( 6.5 = (1-1), (1-1), ((6.5 + 'BRAWLERS OFICIAL'!AM7)/1.5)-'BRAWLERS OFICIAL'!AM7 ) -> 4.3333333 | AN7: =IF( 1 = (1-1), (1-1), ( 1 ) ) -> 1 | AO7: =((1 + 'BRAWLERS OFICIAL'!AO7)-'BRAWLERS OFICIAL'!AO7)/($BQ7/5) -> 0.38461538 | AP7: =(('BRAWLERS OFICIAL'!X7*1400/2/1000 + 'BRAWLERS OFICIAL'!AP7)-'BRAWLERS OFICIAL'!AP7) -> 3.3 | AQ7: =((0 + 'BRAWLERS OFICIAL'!AQ7)-'BRAWLERS OFICIAL'!AQ7)/($BQ7/5) -> 0 | AR7: =IF( 1 = (1-1), (1-1), ((1 + 'BRAWLERS OFICIAL'!AR7)/1.5) ) -> 0.66666667 | AS7: =IF( 'BRAWLERS OFICIAL'!AJ7 = (1-1), (1-1), (('BRAWLERS OFICIAL'!AJ7 + 'BRAWLERS OFICIAL'!AS7)/1.5) ) -> 6 | AT7: =IF( 2.5 = (1-1), (1-1), ((2.5 + 'BRAWLERS OFICIAL'!AT7)/2) ) -> 1.25 | AU7: =((0 + 'BRAWLERS OFICIAL'!AU7)-'BRAWLERS OFICIAL'!AU7)/($BQ7/5) -> 0 | AV7: =(((1 + 3 + 4 + 6.5)/4 + 'BRAWLERS OFICIAL'!AV7)-'BRAWLERS OFICIAL'!AV7) -> 3.625 | AW7: 0 | AX7: none | AY7: =((( 0 )/3 + 'BRAWLERS OFICIAL'!AY7)-'BRAWLERS OFICIAL'!AY7) -> 0 | AZ7: =((( 0 )/2 + 'BRAWLERS OFICIAL'!AZ7)-'BRAWLERS OFICIAL'!AZ7)/($BQ7/5) -> 0 | BA7: =((( 0 )/2 + 'BRAWLERS OFICIAL'!BA7)-'BRAWLERS OFICIAL'!BA7) -> 0 | BB7: =((( 0 )/3 + 'BRAWLERS OFICIAL'!BB7)-'BRAWLERS OFICIAL'!BB7) -> 0 | BC7: =((( 0 )/2 + 'BRAWLERS OFICIAL'!BC7)-'BRAWLERS OFICIAL'!BC7)/($BQ7/5) -> 0 | BD7: =((( 0 )/3 + 'BRAWLERS OFICIAL'!BD7)-'BRAWLERS OFICIAL'!BD7) -> 0 | BE7: =((( 0 )/3 + 'BRAWLERS OFICIAL'!BE7)-'BRAWLERS OFICIAL'!BE7) -> 0 | BF7: =((0 + 'BRAWLERS OFICIAL'!BF7)-'BRAWLERS OFICIAL'!BF7)/($BQ7/5) -> 0 | BG7: =((0 + 'BRAWLERS OFICIAL'!BG7)-'BRAWLERS OFICIAL'!BG7)/($BQ7/5) -> 0 | BH7: =((( 0 )/2 + 'BRAWLERS OFICIAL'!BH7)-'BRAWLERS OFICIAL'!BH7) -> 0 | BI7: =((0 + 'BRAWLERS OFICIAL'!BI7)-'BRAWLERS OFICIAL'!BI7)/($BQ7/5) -> 0 | BJ7: =((( 0 )/2 + 'BRAWLERS OFICIAL'!BJ7)-'BRAWLERS OFICIAL'!BJ7) -> 0 | BK7: =((( 0 )/3 + 'BRAWLERS OFICIAL'!BK7)-'BRAWLERS OFICIAL'!BK7) -> 0 | BL7: =((( 0 )/2 + 'BRAWLERS OFICIAL'!BL7)-'BRAWLERS OFICIAL'!BL7) -> 0 | BM7: =((0 + 'BRAWLERS OFICIAL'!BM7)-'BRAWLERS OFICIAL'!BM7)/($BQ7/5) -> 0 | BN7: =((0 + 'BRAWLERS OFICIAL'!BN7)-'BRAWLERS OFICIAL'!BN7)/($BQ7/5) -> 0 | BO7: =((0 + 'BRAWLERS OFICIAL'!BO7)-'BRAWLERS OFICIAL'!BO7)/($BQ7/5) -> 0 | BQ7: 13
B8: SPRING EJECTOR | C8: GALE | D8: object_burst_damage_in_short_range | E8: object_burst_damage_in_long_range | F8: =((0 + 'BRAWLERS OFICIAL'!F8)-'BRAWLERS OFICIAL'!F8)/($BQ8/5) -> 0 | G8: =((0 + 'BRAWLERS OFICIAL'!G8)-'BRAWLERS OFICIAL'!G8)/($BQ8/5) -> 0 | H8: =((0 + 'BRAWLERS OFICIAL'!H8)-'BRAWLERS OFICIAL'!H8)/($BQ8/5) -> 0 | I8: =((0 + 'BRAWLERS OFICIAL'!I8)-'BRAWLERS OFICIAL'!I8)/($BQ8/5) -> 0 | J8: =((0 + 'BRAWLERS OFICIAL'!J8)-'BRAWLERS OFICIAL'!J8)/($BQ8/5) -> 0 | K8: =((0 + 'BRAWLERS OFICIAL'!K8)-'BRAWLERS OFICIAL'!K8)/($BQ8/5) -> 0 | L8: =((0 + 'BRAWLERS OFICIAL'!L8)-'BRAWLERS OFICIAL'!L8)/($BQ8/5) -> 0 | M8: =((0 + 'BRAWLERS OFICIAL'!M8)-'BRAWLERS OFICIAL'!M8)/($BQ8/5) -> 0 | ... V8: =((0 + 'BRAWLERS OFICIAL'!V8)-'BRAWLERS OFICIAL'!V8)/($BQ8/5) -> 0 | W8: =(0 + 'BRAWLERS OFICIAL'!W8)-'BRAWLERS OFICIAL'!W8 -> 0 | X8: =(( 0 + 'BRAWLERS OFICIAL'!X8 + AP8 + AY8/3.5 )-'BRAWLERS OFICIAL'!X8)/($BQ8/5) -> 0 | Y8: =((0 + 'BRAWLERS OFICIAL'!Y8)-'BRAWLERS OFICIAL'!Y8)/($BQ8/5) -> 0 | Z8: =(((7.5 + 6 + 5)/3)-'BRAWLERS OFICIAL'!Z8) -> 0.83333333 | AA8: =((0 + 'BRAWLERS OFICIAL'!AA8)-'BRAWLERS OFICIAL'!AA8)/($BQ8/5) -> 0 | AB8: =((0 + 'BRAWLERS OFICIAL'!AB8)-'BRAWLERS OFICIAL'!AB8)/($BQ8/5) -> 0 | AC8: =(((0)/4 + 'BRAWLERS OFICIAL'!AC8)-'BRAWLERS OFICIAL'!AC8)/($BQ8/5) -> 0 | AD8: =((0.5 + 'BRAWLERS OFICIAL'!AD8)-'BRAWLERS OFICIAL'!AD8)/($BQ8/5) -> 0.125 | AE8: =((0 + 'BRAWLERS OFICIAL'!AE8)-'BRAWLERS OFICIAL'!AE8)/($BQ8/5) -> 0 | AF8: =((0 + 'BRAWLERS OFICIAL'!AF8)-'BRAWLERS OFICIAL'!AF8)/($BQ8/5) -> 0 | AG8: =((0 + 'BRAWLERS OFICIAL'!AG8)-'BRAWLERS OFICIAL'!AG8) -> 0 | AH8: =((0 + 'BRAWLERS OFICIAL'!AH8)-'BRAWLERS OFICIAL'!AH8) -> 0 | AI8: =((0 + 'BRAWLERS OFICIAL'!AI8)-'BRAWLERS OFICIAL'!AI8) -> 0 | AJ8: =((0 + 'BRAWLERS OFICIAL'!AJ8)-'BRAWLERS OFICIAL'!AJ8)/($BQ8/5) -> 0 | AK8: =((2 + 'BRAWLERS OFICIAL'!AK8)-'BRAWLERS OFICIAL'!AK8)/($BQ8/5) -> 0.5 | AL8: =(((BK8/5+1)*AK8 + 'BRAWLERS OFICIAL'!AL8)-'BRAWLERS OFICIAL'!AL8)/($BQ8/5) -> 0.125 | AM8: =IF( 0 = (1-1), (1-1), ((0 + 'BRAWLERS OFICIAL'!AM8)/1.5)-'BRAWLERS OFICIAL'!AM8 ) -> 0 | AN8: =IF( 0 = (1-1), (1-1), ( 0 ) ) -> 0 | AO8: =((0 + 'BRAWLERS OFICIAL'!AO8)-'BRAWLERS OFICIAL'!AO8)/($BQ8/5) -> 0 | AP8: =((0/1000 + 'BRAWLERS OFICIAL'!AP8)-'BRAWLERS OFICIAL'!AP8) -> 0 | AQ8: =((0 + 'BRAWLERS OFICIAL'!AQ8)-'BRAWLERS OFICIAL'!AQ8) -> 0 | AR8: =IF( 0 = (1-1), (1-1), ((0 + 'BRAWLERS OFICIAL'!AR8)/1.5) ) -> 0 | AS8: =IF( 0 = (1-1), (1-1), ((0 + 'BRAWLERS OFICIAL'!AS8)/1.5) ) -> 0 | AT8: =IF( 0 = (1-1), (1-1), ((0 + 'BRAWLERS OFICIAL'!AT8)/2) ) -> 0 | AU8: =((0 + 'BRAWLERS OFICIAL'!AU8)-'BRAWLERS OFICIAL'!AU8)/($BQ8/5) -> 0 | AV8: =(((0)/4 + 'BRAWLERS OFICIAL'!AV8)-'BRAWLERS OFICIAL'!AV8) -> 0 | AW8: 0 | AX8: none | AY8: =((( 0 )/3 + 'BRAWLERS OFICIAL'!AY8)-'BRAWLERS OFICIAL'!AY8) -> 0 | AZ8: =((( 0 )/2 + 'BRAWLERS OFICIAL'!AZ8)-'BRAWLERS OFICIAL'!AZ8)/($BQ8/5) -> 0 | BA8: =((( 0 )/2 + 'BRAWLERS OFICIAL'!BA8)-'BRAWLERS OFICIAL'!BA8) -> 0 | BB8: =((( 0 )/3 + 'BRAWLERS OFICIAL'!BB8)-'BRAWLERS OFICIAL'!BB8) -> 0 | BC8: =((( 0 )/2 + 'BRAWLERS OFICIAL'!BC8)-'BRAWLERS OFICIAL'!BC8)/($BQ8/5) -> 0 | BD8: =((( 0 )/3 + 'BRAWLERS OFICIAL'!BD8)-'BRAWLERS OFICIAL'!BD8) -> 0 | BE8: =((( 0 )/3 + 'BRAWLERS OFICIAL'!BE8)-'BRAWLERS OFICIAL'!BE8) -> 0 | BF8: =((4 + 'BRAWLERS OFICIAL'!BF8)-'BRAWLERS OFICIAL'!BF8)/($BQ8/5) -> 1 | BG8: =((0 + 'BRAWLERS OFICIAL'!BG8)-'BRAWLERS OFICIAL'!BG8)/($BQ8/5) -> 0 | BH8: =((( 0 )/2 + 'BRAWLERS OFICIAL'!BH8)-'BRAWLERS OFICIAL'!BH8) -> 0 | BI8: =((0 + 'BRAWLERS OFICIAL'!BI8)-'BRAWLERS OFICIAL'!BI8)/($BQ8/5) -> 0 | BJ8: =((( 0 )/2 + 'BRAWLERS OFICIAL'!BJ8)-'BRAWLERS OFICIAL'!BJ8) -> 0 | BK8: =((( 0 )/3 + 'BRAWLERS OFICIAL'!BK8)-'BRAWLERS OFICIAL'!BK8) -> 0 | BL8: =((( 0 )/2 + 'BRAWLERS OFICIAL'!BL8)-'BRAWLERS OFICIAL'!BL8) -> 0 | BM8: =((0.5 + 'BRAWLERS OFICIAL'!BM8)-'BRAWLERS OFICIAL'!BM8)/($BQ8/5) -> 0.125 | BN8: =((0 + 'BRAWLERS OFICIAL'!BN8)-'BRAWLERS OFICIAL'!BN8)/($BQ8/5) -> 0 | BO8: =((0 + 'BRAWLERS OFICIAL'!BO8)-'BRAWLERS OFICIAL'!BO8)/($BQ8/5) -> 0 | BQ8: 20
B9: FAST FORWARD | C9: SHELLY | D9: grass_break_efficiency | E9: retreat_button | F9: =((0 + 'BRAWLERS OFICIAL'!F9)-'BRAWLERS OFICIAL'!F9)/($BQ9/5) -> 0 | G9: =((0 + 'BRAWLERS OFICIAL'!G9)-'BRAWLERS OFICIAL'!G9)/($BQ9/5) -> 0 | H9: =((0 + 'BRAWLERS OFICIAL'!H9)-'BRAWLERS OFICIAL'!H9)/($BQ9/5) -> 0 | I9: =((2*'BRAWLERS OFICIAL'!I9)-'BRAWLERS OFICIAL'!I9)/($BQ9/5) -> 0.45833333 | J9: =((0 + 'BRAWLERS OFICIAL'!J9)-'BRAWLERS OFICIAL'!J9)/($BQ9/5) -> 0 | K9: =((0 + 'BRAWLERS OFICIAL'!K9)-'BRAWLERS OFICIAL'!K9)/($BQ9/5) -> 0 | L9: =((0 + 'BRAWLERS OFICIAL'!L9)-'BRAWLERS OFICIAL'!L9)/($BQ9/5) -> 0 | M9: =((0 + 'BRAWLERS OFICIAL'!M9)-'BRAWLERS OFICIAL'!M9)/($BQ9/5) -> 0 | N9: =((0 + 'BRAWLERS OFICIAL'!N9)-'BRAWLERS OFICIAL'!N9)/($BQ9/5) -> 0 | O9: =((0 + 'BRAWLERS OFICIAL'!O9)-'BRAWLERS OFICIAL'!O9)/($BQ9/5) -> 0 | P9: =((0 + 'BRAWLERS OFICIAL'!P9)-'BRAWLERS OFICIAL'!P9)/($BQ9/5) -> 0 | Q9: =((0 + 'BRAWLERS OFICIAL'!Q9)-'BRAWLERS OFICIAL'!Q9)/($BQ9/5) -> 0 | ... V9: =((0 + 'BRAWLERS OFICIAL'!V9)-'BRAWLERS OFICIAL'!V9)/($BQ9/5) -> 0 | W9: =(0 + 'BRAWLERS OFICIAL'!W9)-'BRAWLERS OFICIAL'!W9 -> 0 | X9: =(( 3000/1400 + 'BRAWLERS OFICIAL'!X9 + AP9 + AY9/3.5 )-'BRAWLERS OFICIAL'!X9)/($BQ9/5) -> 0.53571429 | Y9: =((0 + 'BRAWLERS OFICIAL'!Y9)-'BRAWLERS OFICIAL'!Y9)/($BQ9/5) -> 0 | Z9: =((((8 + 6 + 3))/3)-'BRAWLERS OFICIAL'!Z9) -> 1 | AA9: =((0 + 'BRAWLERS OFICIAL'!AA9)-'BRAWLERS OFICIAL'!AA9)/($BQ9/5) -> 0 | AB9: =((0 + 'BRAWLERS OFICIAL'!AB9)-'BRAWLERS OFICIAL'!AB9)/($BQ9/5) -> 0 | AC9: =(((0)/4 + 'BRAWLERS OFICIAL'!AC9)-'BRAWLERS OFICIAL'!AC9)/($BQ9/5) -> 0 | AD9: =((0 + 'BRAWLERS OFICIAL'!AD9)-'BRAWLERS OFICIAL'!AD9)/($BQ9/5) -> 0 | AE9: =((0 + 'BRAWLERS OFICIAL'!AE9)-'BRAWLERS OFICIAL'!AE9)/($BQ9/5) -> 0 | AF9: =((0 + 'BRAWLERS OFICIAL'!AF9)-'BRAWLERS OFICIAL'!AF9)/($BQ9/5) -> 0 | AG9: =((0 + 'BRAWLERS OFICIAL'!AG9)-'BRAWLERS OFICIAL'!AG9) -> 0 | AH9: =((0 + 'BRAWLERS OFICIAL'!AH9)-'BRAWLERS OFICIAL'!AH9) -> 0 | AI9: =((0 + 'BRAWLERS OFICIAL'!AI9)-'BRAWLERS OFICIAL'!AI9) -> 0 | AJ9: =((0 + 'BRAWLERS OFICIAL'!AJ9)-'BRAWLERS OFICIAL'!AJ9)/($BQ9/5) -> 0 | AK9: =((5 + 'BRAWLERS OFICIAL'!AK9)-'BRAWLERS OFICIAL'!AK9)/($BQ9/5) -> 1.25 | AL9: =(((BK9/5+1)*AK9 + 'BRAWLERS OFICIAL'!AL9)-'BRAWLERS OFICIAL'!AL9)/($BQ9/5) -> 0.3125 | AM9: =IF( 0 = (1-1), (1-1), ((0 + 'BRAWLERS OFICIAL'!AM9)/1.5)-'BRAWLERS OFICIAL'!AM9 ) -> 0 | AN9: =IF( 0 = (1-1), (1-1), ( 0 ) ) -> 0 | AO9: =((0 + 'BRAWLERS OFICIAL'!AO9)-'BRAWLERS OFICIAL'!AO9)/($BQ9/5) -> 0 | AP9: =((0/1000 + 'BRAWLERS OFICIAL'!AP9)-'BRAWLERS OFICIAL'!AP9) -> 0 | AQ9: =((0 + 'BRAWLERS OFICIAL'!AQ9)-'BRAWLERS OFICIAL'!AQ9) -> 0 | AR9: =IF( 0 = (1-1), (1-1), ((0 + 'BRAWLERS OFICIAL'!AR9)/1.5) ) -> 0 | AS9: =IF( 0 = (1-1), (1-1), ((0 + 'BRAWLERS OFICIAL'!AS9)/1.5) ) -> 0 | AT9: =IF( 0 = (1-1), (1-1), ((0 + 'BRAWLERS OFICIAL'!AT9)/2) ) -> 0 | AU9: =((0 + 'BRAWLERS OFICIAL'!AU9)-'BRAWLERS OFICIAL'!AU9)/($BQ9/5) -> 0 | AV9: =(((0)/4 + 'BRAWLERS OFICIAL'!AV9)-'BRAWLERS OFICIAL'!AV9) -> 0 | AW9: 0 | AX9: none | AY9: =((( 0 )/3 + 'BRAWLERS OFICIAL'!AY9)-'BRAWLERS OFICIAL'!AY9) -> 0 | AZ9: =((( 0 )/2 + 'BRAWLERS OFICIAL'!AZ9)-'BRAWLERS OFICIAL'!AZ9)/($BQ9/5) -> 0 | BA9: =((( 0 )/2 + 'BRAWLERS OFICIAL'!BA9)-'BRAWLERS OFICIAL'!BA9) -> 0 | BB9: =((( 0 )/3 + 'BRAWLERS OFICIAL'!BB9)-'BRAWLERS OFICIAL'!BB9) -> 0 | BC9: =((( 0 )/2 + 'BRAWLERS OFICIAL'!BC9)-'BRAWLERS OFICIAL'!BC9)/($BQ9/5) -> 0 | BD9: =((( 0 )/3 + 'BRAWLERS OFICIAL'!BD9)-'BRAWLERS OFICIAL'!BD9) -> 0 | BE9: =((( 0 )/3 + 'BRAWLERS OFICIAL'!BE9)-'BRAWLERS OFICIAL'!BE9) -> 0 | BF9: =((0 + 'BRAWLERS OFICIAL'!BF9)-'BRAWLERS OFICIAL'!BF9)/($BQ9/5) -> 0 | BG9: =((0 + 'BRAWLERS OFICIAL'!BG9)-'BRAWLERS OFICIAL'!BG9)/($BQ9/5) -> 0 | BH9: =((( 0 )/2 + 'BRAWLERS OFICIAL'!BH9)-'BRAWLERS OFICIAL'!BH9) -> 0 | BI9: =((0 + 'BRAWLERS OFICIAL'!BI9)-'BRAWLERS OFICIAL'!BI9)/($BQ9/5) -> 0 | BJ9: =((( 5 + 5 )/2 + 'BRAWLERS OFICIAL'!BJ9)-'BRAWLERS OFICIAL'!BJ9) -> 5 | BK9: =((( 0 )/3 + 'BRAWLERS OFICIAL'!BK9)-'BRAWLERS OFICIAL'!BK9) -> 0 | BL9: =((( 5 + 5 )/2 + 'BRAWLERS OFICIAL'!BL9)-'BRAWLERS OFICIAL'!BL9) -> 5 | BM9: =((0 + 'BRAWLERS OFICIAL'!BM9)-'BRAWLERS OFICIAL'!BM9)/($BQ9/5) -> 0 | BN9: =((0 + 'BRAWLERS OFICIAL'!BN9)-'BRAWLERS OFICIAL'!BN9)/($BQ9/5) -> 0 | BO9: =((0 + 'BRAWLERS OFICIAL'!BO9)-'BRAWLERS OFICIAL'!BO9)/($BQ9/5) -> 0 | BQ9: 20
B10: TUNING FORK | C10: POCO | D10: counter_heal_buffing | E10: groupment_punishment | F10: =((0 + 'BRAWLERS OFICIAL'!F10)-'BRAWLERS OFICIAL'!F10)/($BQ10/5) -> 0 | G10: =((0 + 'BRAWLERS OFICIAL'!G10)-'BRAWLERS OFICIAL'!G10)/($BQ10/5) -> 0 | H10: =((0 + 'BRAWLERS OFICIAL'!H10)-'BRAWLERS OFICIAL'!H10)/($BQ10/5) -> 0 | I10: =((0 + 'BRAWLERS OFICIAL'!I10)-'BRAWLERS OFICIAL'!I10)/($BQ10/5) -> 0 | J10: =((0 + 'BRAWLERS OFICIAL'!J10)-'BRAWLERS OFICIAL'!J10)/($BQ10/5) -> 0 | K10: =((0 + 'BRAWLERS OFICIAL'!K10)-'BRAWLERS OFICIAL'!K10)/($BQ10/5) -> 0 | L10: =((0 + 'BRAWLERS OFICIAL'!L10)-'BRAWLERS OFICIAL'!L10)/($BQ10/5) -> 0 | M10: =((0 + 'BRAWLERS OFICIAL'!M10)-'BRAWLERS OFICIAL'!M10)/($BQ10/5) -> 0 | ... V10: =((0 + 'BRAWLERS OFICIAL'!V10)-'BRAWLERS OFICIAL'!V10)/($BQ10/5) -> 0 | W10: =(0 + 'BRAWLERS OFICIAL'!W10)-'BRAWLERS OFICIAL'!W10 -> 0 | X10: =(( 0 + 'BRAWLERS OFICIAL'!X10 + AP10 + AY10/3.5 )-'BRAWLERS OFICIAL'!X10)/($BQ10/5) -> 0.4047619 | Y10: =((0 + 'BRAWLERS OFICIAL'!Y10)-'BRAWLERS OFICIAL'!Y10)/($BQ10/5) -> 0 | Z10: =(((0)/3 + 'BRAWLERS OFICIAL'!Z10)-'BRAWLERS OFICIAL'!Z10) -> 0 | AA10: =((0 + 'BRAWLERS OFICIAL'!AA10)-'BRAWLERS OFICIAL'!AA10)/($BQ10/5) -> 0 | AB10: =((0 + 'BRAWLERS OFICIAL'!AB10)-'BRAWLERS OFICIAL'!AB10)/($BQ10/5) -> 0 | AC10: =(((0)/4 + 'BRAWLERS OFICIAL'!AC10)-'BRAWLERS OFICIAL'!AC10)/($BQ10/5) -> 0 | AD10: =((0 + 'BRAWLERS OFICIAL'!AD10)-'BRAWLERS OFICIAL'!AD10)/($BQ10/5) -> 0 | AE10: =((0 + 'BRAWLERS OFICIAL'!AE10)-'BRAWLERS OFICIAL'!AE10)/($BQ10/5) -> 0 | AF10: =((0 + 'BRAWLERS OFICIAL'!AF10)-'BRAWLERS OFICIAL'!AF10)/($BQ10/5) -> 0 | AG10: =((0 + 'BRAWLERS OFICIAL'!AG10)-'BRAWLERS OFICIAL'!AG10) -> 0 | AH10: =((0 + 'BRAWLERS OFICIAL'!AH10)-'BRAWLERS OFICIAL'!AH10) -> 0 | AI10: =((0 + 'BRAWLERS OFICIAL'!AI10)-'BRAWLERS OFICIAL'!AI10) -> 0 | AJ10: =((0 + 'BRAWLERS OFICIAL'!AJ10)-'BRAWLERS OFICIAL'!AJ10)/($BQ10/5) -> 0 | AK10: =((0 + 'BRAWLERS OFICIAL'!AK10)-'BRAWLERS OFICIAL'!AK10)/($BQ10/5) -> 0 | AL10: =(((BK10/5+1)*AK10 + 'BRAWLERS OFICIAL'!AL10)-'BRAWLERS OFICIAL'!AL10)/($BQ10/5) -> 0 | AM10: =IF( 0 = (1-1), (1-1), ((0 + 'BRAWLERS OFICIAL'!AM10)/1.5)-'BRAWLERS OFICIAL'!AM10 ) -> 0 | AN10: =IF( 0 = (1-1), (1-1), ( 0 ) ) -> 0 | AO10: =((0 + 'BRAWLERS OFICIAL'!AO10)-'BRAWLERS OFICIAL'!AO10)/($BQ10/5) -> 0 | AP10: =((0/1000 + 'BRAWLERS OFICIAL'!AP10)-'BRAWLERS OFICIAL'!AP10) -> 0 | AQ10: =((0 + 'BRAWLERS OFICIAL'!AQ10)-'BRAWLERS OFICIAL'!AQ10) -> 0 | AR10: =IF( 0 = (1-1), (1-1), ((0 + 'BRAWLERS OFICIAL'!AR10)/1.5) ) -> 0 | AS10: =IF( 0 = (1-1), (1-1), ((0 + 'BRAWLERS OFICIAL'!AS10)/1.5) ) -> 0 | AT10: =IF( 0 = (1-1), (1-1), ((0 + 'BRAWLERS OFICIAL'!AT10)/2) ) -> 0 | AU10: =((0 + 'BRAWLERS OFICIAL'!AU10)-'BRAWLERS OFICIAL'!AU10)/($BQ10/5) -> 0 | AV10: =(((0)/4 + 'BRAWLERS OFICIAL'!AV10)-'BRAWLERS OFICIAL'!AV10) -> 0 | AW10: 0 | AX10: none | AY10: =((( 5 + 9 + 3 )/3 + 'BRAWLERS OFICIAL'!AY10)-'BRAWLERS OFICIAL'!AY10) -> 5.6666667 | AZ10: =((( 0 )/2 + 'BRAWLERS OFICIAL'!AZ10)-'BRAWLERS OFICIAL'!AZ10)/($BQ10/5) -> 0 | BA10: =((( 0 )/2 + 'BRAWLERS OFICIAL'!BA10)-'BRAWLERS OFICIAL'!BA10) -> 0 | BB10: =((( 0 )/3 + 'BRAWLERS OFICIAL'!BB10)-'BRAWLERS OFICIAL'!BB10) -> 0 | BC10: =((( 0 )/2 + 'BRAWLERS OFICIAL'!BC10)-'BRAWLERS OFICIAL'!BC10)/($BQ10/5) -> 0 | BD10: =((( 0 )/3 + 'BRAWLERS OFICIAL'!BD10)-'BRAWLERS OFICIAL'!BD10) -> 0 | BE10: =((( 0 )/3 + 'BRAWLERS OFICIAL'!BE10)-'BRAWLERS OFICIAL'!BE10) -> 0 | BF10: =((0 + 'BRAWLERS OFICIAL'!BF10)-'BRAWLERS OFICIAL'!BF10)/($BQ10/5) -> 0 | BG10: =((0 + 'BRAWLERS OFICIAL'!BG10)-'BRAWLERS OFICIAL'!BG10)/($BQ10/5) -> 0 | BH10: =((( 0 )/2 + 'BRAWLERS OFICIAL'!BH10)-'BRAWLERS OFICIAL'!BH10) -> 0 | BI10: =((0 + 'BRAWLERS OFICIAL'!BI10)-'BRAWLERS OFICIAL'!BI10)/($BQ10/5) -> 0 | BJ10: =((( 0 )/2 + 'BRAWLERS OFICIAL'!BJ10)-'BRAWLERS OFICIAL'!BJ10) -> 0 | BK10: =((( 0 )/3 + 'BRAWLERS OFICIAL'!BK10)-'BRAWLERS OFICIAL'!BK10) -> 0 | BL10: =((( 0 )/2 + 'BRAWLERS OFICIAL'!BL10)-'BRAWLERS OFICIAL'!BL10) -> 0 | BM10: =((0 + 'BRAWLERS OFICIAL'!BM10)-'BRAWLERS OFICIAL'!BM10)/($BQ10/5) -> 0 | BN10: =((0 + 'BRAWLERS OFICIAL'!BN10)-'BRAWLERS OFICIAL'!BN10)/($BQ10/5) -> 0 | BO10: =((0 + 'BRAWLERS OFICIAL'!BO10)-'BRAWLERS OFICIAL'!BO10)/($BQ10/5) -> 0 | BQ10: 20
B11: FRIENDSHIP IS GREAT | C11: BERRY | D11: counter_heal_buffing | E11: groupment_punishment | F11: =((0 + 'BRAWLERS OFICIAL'!F11)-'BRAWLERS OFICIAL'!F11)/($BQ11/5) -> 0 | G11: =((0 + 'BRAWLERS OFICIAL'!G11)-'BRAWLERS OFICIAL'!G11)/($BQ11/5) -> 0 | H11: =((0 + 'BRAWLERS OFICIAL'!H11)-'BRAWLERS OFICIAL'!H11)/($BQ11/5) -> 0 | I11: =((0 + 'BRAWLERS OFICIAL'!I11)-'BRAWLERS OFICIAL'!I11)/($BQ11/5) -> 0 | J11: =((0 + 'BRAWLERS OFICIAL'!J11)-'BRAWLERS OFICIAL'!J11)/($BQ11/5) -> 0 | K11: =((0 + 'BRAWLERS OFICIAL'!K11)-'BRAWLERS OFICIAL'!K11)/($BQ11/5) -> 0 | L11: =((0 + 'BRAWLERS OFICIAL'!L11)-'BRAWLERS OFICIAL'!L11)/($BQ11/5) -> 0 | M11: =((0 + 'BRAWLERS OFICIAL'!M11)-'BRAWLERS OFICIAL'!M11)/($BQ11/5) -> 0 | ... V11: =((0 + 'BRAWLERS OFICIAL'!V11)-'BRAWLERS OFICIAL'!V11)/($BQ11/5) -> 0 | W11: =(0 + 'BRAWLERS OFICIAL'!W11)-'BRAWLERS OFICIAL'!W11 -> 0 | X11: =(( 0 + 'BRAWLERS OFICIAL'!X11 + AP11 + AY11/3.5 )-'BRAWLERS OFICIAL'!X11)/($BQ11/5) -> 0.50420168 | Y11: =((0 + 'BRAWLERS OFICIAL'!Y11)-'BRAWLERS OFICIAL'!Y11)/($BQ11/5) -> 0 | Z11: =(((8 + 7+ 6)/3)-'BRAWLERS OFICIAL'!Z11) -> 0.66666667 | AA11: =((0 + 'BRAWLERS OFICIAL'!AA11)-'BRAWLERS OFICIAL'!AA11)/($BQ11/5) -> 0 | AB11: =((0 + 'BRAWLERS OFICIAL'!AB11)-'BRAWLERS OFICIAL'!AB11)/($BQ11/5) -> 0 | AC11: =(((0)/4 + 'BRAWLERS OFICIAL'!AC11)-'BRAWLERS OFICIAL'!AC11)/($BQ11/5) -> 0 | AD11: =((2 + 'BRAWLERS OFICIAL'!AD11)-'BRAWLERS OFICIAL'!AD11)/($BQ11/5) -> 0.58823529 | AE11: =((0 + 'BRAWLERS OFICIAL'!AE11)-'BRAWLERS OFICIAL'!AE11)/($BQ11/5) -> 0 | AF11: =((0 + 'BRAWLERS OFICIAL'!AF11)-'BRAWLERS OFICIAL'!AF11)/($BQ11/5) -> 0 | AG11: =((0 + 'BRAWLERS OFICIAL'!AG11)-'BRAWLERS OFICIAL'!AG11) -> 0 | AH11: =((0 + 'BRAWLERS OFICIAL'!AH11)-'BRAWLERS OFICIAL'!AH11) -> 0 | AI11: =((0 + 'BRAWLERS OFICIAL'!AI11)-'BRAWLERS OFICIAL'!AI11) -> 0 | AJ11: =((0 + 'BRAWLERS OFICIAL'!AJ11)-'BRAWLERS OFICIAL'!AJ11)/($BQ11/5) -> 0 | AK11: =((0 + 'BRAWLERS OFICIAL'!AK11)-'BRAWLERS OFICIAL'!AK11)/($BQ11/5) -> 0 | AL11: =(((BK11/5+1)*AK11 + 'BRAWLERS OFICIAL'!AL11)-'BRAWLERS OFICIAL'!AL11)/($BQ11/5) -> 0 | AM11: =IF( 0 = (1-1), (1-1), ((0 + 'BRAWLERS OFICIAL'!AM11)/1.5)-'BRAWLERS OFICIAL'!AM11 ) -> 0 | AN11: =IF( 0 = (1-1), (1-1), ( 0 ) ) -> 0 | AO11: =((0 + 'BRAWLERS OFICIAL'!AO11)-'BRAWLERS OFICIAL'!AO11)/($BQ11/5) -> 0 | AP11: =((0/1000 + 'BRAWLERS OFICIAL'!AP11)-'BRAWLERS OFICIAL'!AP11) -> 0 | AQ11: =((0 + 'BRAWLERS OFICIAL'!AQ11)-'BRAWLERS OFICIAL'!AQ11) -> 0 | AR11: =IF( 0 = (1-1), (1-1), ((0 + 'BRAWLERS OFICIAL'!AR11)/1.5) ) -> 0 | AS11: =IF( 0 = (1-1), (1-1), ((0 + 'BRAWLERS OFICIAL'!AS11)/1.5) ) -> 0 | AT11: =IF( 0 = (1-1), (1-1), ((0 + 'BRAWLERS OFICIAL'!AT11)/2) ) -> 0 | AU11: =((0 + 'BRAWLERS OFICIAL'!AU11)-'BRAWLERS OFICIAL'!AU11)/($BQ11/5) -> 0 | AV11: =(((0)/4 + 'BRAWLERS OFICIAL'!AV11)-'BRAWLERS OFICIAL'!AV11) -> 0 | AW11: 0 | AX11: none | AY11: =((( 6 + 3 + 9 )/3 + 'BRAWLERS OFICIAL'!AY11)-'BRAWLERS OFICIAL'!AY11) -> 6 | AZ11: =((( 0 )/2 + 'BRAWLERS OFICIAL'!AZ11)-'BRAWLERS OFICIAL'!AZ11)/($BQ11/5) -> 0 | BA11: =((( 0 )/2 + 'BRAWLERS OFICIAL'!BA11)-'BRAWLERS OFICIAL'!BA11) -> 0 | BB11: =((( 0 )/3 + 'BRAWLERS OFICIAL'!BB11)-'BRAWLERS OFICIAL'!BB11) -> 0 | BC11: =((( 0 )/2 + 'BRAWLERS OFICIAL'!BC11)-'BRAWLERS OFICIAL'!BC11)/($BQ11/5) -> 0 | BD11: =((( 0 )/3 + 'BRAWLERS OFICIAL'!BD11)-'BRAWLERS OFICIAL'!BD11) -> 0 | BE11: =((( 0 )/3 + 'BRAWLERS OFICIAL'!BE11)-'BRAWLERS OFICIAL'!BE11) -> 0 | BF11: =((0 + 'BRAWLERS OFICIAL'!BF11)-'BRAWLERS OFICIAL'!BF11)/($BQ11/5) -> 0 | BG11: =((0 + 'BRAWLERS OFICIAL'!BG11)-'BRAWLERS OFICIAL'!BG11)/($BQ11/5) -> 0 | BH11: =((( 0 )/2 + 'BRAWLERS OFICIAL'!BH11)-'BRAWLERS OFICIAL'!BH11) -> 0 | BI11: =((1 + 'BRAWLERS OFICIAL'!BI11)-'BRAWLERS OFICIAL'!BI11)/($BQ11/5) -> 0.29411765 | BJ11: =((( 0 )/2 + 'BRAWLERS OFICIAL'!BJ11)-'BRAWLERS OFICIAL'!BJ11) -> 0 | BK11: =((( 0 )/3 + 'BRAWLERS OFICIAL'!BK11)-'BRAWLERS OFICIAL'!BK11) -> 0 | BL11: =((( 0 )/2 + 'BRAWLERS OFICIAL'!BL11)-'BRAWLERS OFICIAL'!BL11) -> 0 | BM11: =((2 + 'BRAWLERS OFICIAL'!BM11)-'BRAWLERS OFICIAL'!BM11)/($BQ11/5) -> 0.58823529 | BN11: =((0 + 'BRAWLERS OFICIAL'!BN11)-'BRAWLERS OFICIAL'!BN11)/($BQ11/5) -> 0 | BO11: =((0 + 'BRAWLERS OFICIAL'!BO11)-'BRAWLERS OFICIAL'!BO11)/($BQ11/5) -> 0 | BQ11: 17
B12: ACTIVE NOISE CANCELING | C12: FRANK | D12: usual_burst_damage_in_long_range | E12: usual_burst_damage_in_very_long_range | F12: =((0 + 'BRAWLERS OFICIAL'!F12)-'BRAWLERS OFICIAL'!F12)/($BQ12/5) -> 0 | G12: =((0 + 'BRAWLERS OFICIAL'!G12)-'BRAWLERS OFICIAL'!G12)/($BQ12/5) -> 0 | H12: =((0 + 'BRAWLERS OFICIAL'!H12)-'BRAWLERS OFICIAL'!H12)/($BQ12/5) -> 0 | I12: =((0 + 'BRAWLERS OFICIAL'!I12)-'BRAWLERS OFICIAL'!I12)/($BQ12/5) -> 0 | J12: =((0.5 + 'BRAWLERS OFICIAL'!J12)-'BRAWLERS OFICIAL'!J12)/($BQ12/5) -> 0.15625 | K12: =((0.5 + 'BRAWLERS OFICIAL'!K12)-'BRAWLERS OFICIAL'!K12)/($BQ12/5) -> 0.15625 | L12: =((0.5 + 'BRAWLERS OFICIAL'!L12)-'BRAWLERS OFICIAL'!L12)/($BQ12/5) -> 0.15625 | M12: =((0 + 'BRAWLERS OFICIAL'!M12)-'BRAWLERS OFICIAL'!M12)/($BQ12/5) -> 0 | N12: =((0 + 'BRAWLERS OFICIAL'!N12)-'BRAWLERS OFICIAL'!N12)/($BQ12/5) -> 0 | O12: =((0 + 'BRAWLERS OFICIAL'!O12)-'BRAWLERS OFICIAL'!O12)/($BQ12/5) -> 0 | P12: =((0 + 'BRAWLERS OFICIAL'!P12)-'BRAWLERS OFICIAL'!P12)/($BQ12/5) -> 0 | Q12: =((0 + 'BRAWLERS OFICIAL'!Q12)-'BRAWLERS OFICIAL'!Q12)/($BQ12/5) -> 0 | R12: =((0 + 'BRAWLERS OFICIAL'!R12)-'BRAWLERS OFICIAL'!R12)/($BQ12/5) -> 0 | S12: =((0 + 'BRAWLERS OFICIAL'!S12)-'BRAWLERS OFICIAL'!S12)/($BQ12/5) -> 0 | T12: =((0 + 'BRAWLERS OFICIAL'!T12)-'BRAWLERS OFICIAL'!T12)/($BQ12/5) -> 0 | ... V12: =((0 + 'BRAWLERS OFICIAL'!V12)-'BRAWLERS OFICIAL'!V12)/($BQ12/5) -> 0 | W12: =(0 + 'BRAWLERS OFICIAL'!W12)-'BRAWLERS OFICIAL'!W12 -> 0 | X12: =(( AVERAGE(200, 2000)/1400 + 'BRAWLERS OFICIAL'!X12 + AP12 + AY12/3.5 )-'BRAWLERS OFICIAL'!X12)/($BQ12/5) -> 0.24553571 | Y12: =((0 + 'BRAWLERS OFICIAL'!Y12)-'BRAWLERS OFICIAL'!Y12)/($BQ12/5) -> 0 | Z12: =(((0)/3 + 'BRAWLERS OFICIAL'!Z12)-'BRAWLERS OFICIAL'!Z12) -> 0 | AA12: =((0 + 'BRAWLERS OFICIAL'!AA12)-'BRAWLERS OFICIAL'!AA12)/($BQ12/5) -> 0 | AB12: =((0 + 'BRAWLERS OFICIAL'!AB12)-'BRAWLERS OFICIAL'!AB12)/($BQ12/5) -> 0 | AC12: =(((0)/4 + 'BRAWLERS OFICIAL'!AC12)-'BRAWLERS OFICIAL'!AC12)/($BQ12/5) -> 0 | AD12: =((0 + 'BRAWLERS OFICIAL'!AD12)-'BRAWLERS OFICIAL'!AD12)/($BQ12/5) -> 0 | AE12: =((0 + 'BRAWLERS OFICIAL'!AE12)-'BRAWLERS OFICIAL'!AE12)/($BQ12/5) -> 0 | AF12: =((0 + 'BRAWLERS OFICIAL'!AF12)-'BRAWLERS OFICIAL'!AF12)/($BQ12/5) -> 0 | AG12: =((0 + 'BRAWLERS OFICIAL'!AG12)-'BRAWLERS OFICIAL'!AG12) -> 0 | AH12: =((0 + 'BRAWLERS OFICIAL'!AH12)-'BRAWLERS OFICIAL'!AH12) -> 0 | AI12: =((0 + 'BRAWLERS OFICIAL'!AI12)-'BRAWLERS OFICIAL'!AI12) -> 0 | AJ12: =((0 + 'BRAWLERS OFICIAL'!AJ12)-'BRAWLERS OFICIAL'!AJ12)/($BQ12/5) -> 0 | AK12: =((0 + 'BRAWLERS OFICIAL'!AK12)-'BRAWLERS OFICIAL'!AK12)/($BQ12/5) -> 0 | AL12: =(((BK12/5+1)*AK12 + 'BRAWLERS OFICIAL'!AL12)-'BRAWLERS OFICIAL'!AL12)/($BQ12/5) -> 0 | AM12: =IF( 0 = (1-1), (1-1), ((0 + 'BRAWLERS OFICIAL'!AM12)/1.5)-'BRAWLERS OFICIAL'!AM12 ) -> 0 | AN12: =IF( 0 = (1-1), (1-1), ( 0 ) ) -> 0 | AO12: =((0 + 'BRAWLERS OFICIAL'!AO12)-'BRAWLERS OFICIAL'!AO12)/($BQ12/5) -> 0 | AP12: =((0/1000 + 'BRAWLERS OFICIAL'!AP12)-'BRAWLERS OFICIAL'!AP12) -> 0 | AQ12: =((0 + 'BRAWLERS OFICIAL'!AQ12)-'BRAWLERS OFICIAL'!AQ12) -> 0 | AR12: =IF( 0 = (1-1), (1-1), ((0 + 'BRAWLERS OFICIAL'!AR12)/1.5) ) -> 0 | AS12: =IF( 0 = (1-1), (1-1), ((0 + 'BRAWLERS OFICIAL'!AS12)/1.5) ) -> 0 | AT12: =IF( 0 = (1-1), (1-1), ((0 + 'BRAWLERS OFICIAL'!AT12)/2) ) -> 0 | AU12: =((0 + 'BRAWLERS OFICIAL'!AU12)-'BRAWLERS OFICIAL'!AU12)/($BQ12/5) -> 0 | AV12: =(((0)/4 + 'BRAWLERS OFICIAL'!AV12)-'BRAWLERS OFICIAL'!AV12) -> 0 | AW12: 2.5 | AX12: This gadget improves the brawler's survivability by intercepting shots. However, it doesn't work with all types of projectiles. | AY12: =((( 0 )/3 + 'BRAWLERS OFICIAL'!AY12)-'BRAWLERS OFICIAL'!AY12) -> 0 | AZ12: =((( 0 )/2 + 'BRAWLERS OFICIAL'!AZ12)-'BRAWLERS OFICIAL'!AZ12)/($BQ12/5) -> 0 | BA12: =((( 0 )/2 + 'BRAWLERS OFICIAL'!BA12)-'BRAWLERS OFICIAL'!BA12) -> 0 | BB12: =((( 0 )/3 + 'BRAWLERS OFICIAL'!BB12)-'BRAWLERS OFICIAL'!BB12) -> 0 | BC12: =((( 0 )/2 + 'BRAWLERS OFICIAL'!BC12)-'BRAWLERS OFICIAL'!BC12)/($BQ12/5) -> 0 | BD12: =((( 0 )/3 + 'BRAWLERS OFICIAL'!BD12)-'BRAWLERS OFICIAL'!BD12) -> 0 | BE12: =((( 0 )/3 + 'BRAWLERS OFICIAL'!BE12)-'BRAWLERS OFICIAL'!BE12) -> 0 | BF12: =((0 + 'BRAWLERS OFICIAL'!BF12)-'BRAWLERS OFICIAL'!BF12)/($BQ12/5) -> 0 | BG12: =((0 + 'BRAWLERS OFICIAL'!BG12)-'BRAWLERS OFICIAL'!BG12)/($BQ12/5) -> 0 | BH12: =((( 0 )/2 + 'BRAWLERS OFICIAL'!BH12)-'BRAWLERS OFICIAL'!BH12) -> 0 | BI12: =((0 + 'BRAWLERS OFICIAL'!BI12)-'BRAWLERS OFICIAL'!BI12)/($BQ12/5) -> 0 | BJ12: =((( 8 + 6 )/2 + 'BRAWLERS OFICIAL'!BJ12)-'BRAWLERS OFICIAL'!BJ12) -> 7 | BK12: =((( 0 )/3 + 'BRAWLERS OFICIAL'!BK12)-'BRAWLERS OFICIAL'!BK12) -> 0 | BL12: =((( 8 + 6 )/2 + 'BRAWLERS OFICIAL'!BL12)-'BRAWLERS OFICIAL'!BL12) -> 7 | BM12: =((0 + 'BRAWLERS OFICIAL'!BM12)-'BRAWLERS OFICIAL'!BM12)/($BQ12/5) -> 0 | BN12: =((7 + 'BRAWLERS OFICIAL'!BN12)-'BRAWLERS OFICIAL'!BN12)/($BQ12/5) -> 2.1875 | BO12: =((0 + 'BRAWLERS OFICIAL'!BO12)-'BRAWLERS OFICIAL'!BO12)/($BQ12/5) -> 0 | BQ12: 16
B13: SLEEP STIMULATOR | C13: SANDY | D13: attacks_canceling | E13: usual_burst_damage_in_long_range | F13: =((0 + 'BRAWLERS OFICIAL'!F13)-'BRAWLERS OFICIAL'!F13)/($BQ13/5) -> 0 | G13: =((0 + 'BRAWLERS OFICIAL'!G13)-'BRAWLERS OFICIAL'!G13)/($BQ13/5) -> 0 | H13: =((0 + 'BRAWLERS OFICIAL'!H13)-'BRAWLERS OFICIAL'!H13)/($BQ13/5) -> 0 | I13: =((0 + 'BRAWLERS OFICIAL'!I13)-'BRAWLERS OFICIAL'!I13)/($BQ13/5) -> 0 | J13: =((0 + 'BRAWLERS OFICIAL'!J13)-'BRAWLERS OFICIAL'!J13)/($BQ13/5) -> 0 | K13: =((0 + 'BRAWLERS OFICIAL'!K13)-'BRAWLERS OFICIAL'!K13)/($BQ13/5) -> 0 | L13: =((0 + 'BRAWLERS OFICIAL'!L13)-'BRAWLERS OFICIAL'!L13)/($BQ13/5) -> 0 | M13: =((0 + 'BRAWLERS OFICIAL'!M13)-'BRAWLERS OFICIAL'!M13)/($BQ13/5) -> 0 | ... V13: =((0 + 'BRAWLERS OFICIAL'!V13)-'BRAWLERS OFICIAL'!V13)/($BQ13/5) -> 0 | W13: =(0 + 'BRAWLERS OFICIAL'!W13)-'BRAWLERS OFICIAL'!W13 -> 0 | X13: =(( 0 + 'BRAWLERS OFICIAL'!X13 + AP13 + (7 + 8 + 5)/3/3.5 )-'BRAWLERS OFICIAL'!X13)/($BQ13/5) -> 0.86580087 | Y13: =((0 + 'BRAWLERS OFICIAL'!Y13)-'BRAWLERS OFICIAL'!Y13)/($BQ13/5) -> 0 | Z13: =(((0)/3 + 'BRAWLERS OFICIAL'!Z13)-'BRAWLERS OFICIAL'!Z13) -> 0 | AA13: =((0 + 'BRAWLERS OFICIAL'!AA13)-'BRAWLERS OFICIAL'!AA13)/($BQ13/5) -> 0 | AB13: =((0 + 'BRAWLERS OFICIAL'!AB13)-'BRAWLERS OFICIAL'!AB13)/($BQ13/5) -> 0 | AC13: =(((0)/4 + 'BRAWLERS OFICIAL'!AC13)-'BRAWLERS OFICIAL'!AC13)/($BQ13/5) -> 0 | AD13: =((0 + 'BRAWLERS OFICIAL'!AD13)-'BRAWLERS OFICIAL'!AD13)/($BQ13/5) -> 0 | AE13: =((0 + 'BRAWLERS OFICIAL'!AE13)-'BRAWLERS OFICIAL'!AE13)/($BQ13/5) -> 0 | AF13: =((0 + 'BRAWLERS OFICIAL'!AF13)-'BRAWLERS OFICIAL'!AF13)/($BQ13/5) -> 0 | AG13: =((0 + 'BRAWLERS OFICIAL'!AG13)-'BRAWLERS OFICIAL'!AG13) -> 0 | AH13: =((0 + 'BRAWLERS OFICIAL'!AH13)-'BRAWLERS OFICIAL'!AH13) -> 0 | AI13: =((0 + 'BRAWLERS OFICIAL'!AI13)-'BRAWLERS OFICIAL'!AI13) -> 0 | AJ13: =((0 + 'BRAWLERS OFICIAL'!AJ13)-'BRAWLERS OFICIAL'!AJ13)/($BQ13/5) -> 0 | AK13: =((0 + 'BRAWLERS OFICIAL'!AK13)-'BRAWLERS OFICIAL'!AK13)/($BQ13/5) -> 0 | AL13: =(((BK13/5+1)*AK13 + 'BRAWLERS OFICIAL'!AL13)-'BRAWLERS OFICIAL'!AL13)/($BQ13/5) -> 0 | AM13: =IF( 0 = (1-1), (1-1), ((0 + 'BRAWLERS OFICIAL'!AM13)/1.5)-'BRAWLERS OFICIAL'!AM13 ) -> 0 | AN13: =IF( 0 = (1-1), (1-1), ( 0 ) ) -> 0 | AO13: =((0 + 'BRAWLERS OFICIAL'!AO13)-'BRAWLERS OFICIAL'!AO13)/($BQ13/5) -> 0 | AP13: =((0/1000 + 'BRAWLERS OFICIAL'!AP13)-'BRAWLERS OFICIAL'!AP13) -> 0 | AQ13: =((0 + 'BRAWLERS OFICIAL'!AQ13)-'BRAWLERS OFICIAL'!AQ13) -> 0 | AR13: =IF( 0 = (1-1), (1-1), ((0 + 'BRAWLERS OFICIAL'!AR13)/1.5) ) -> 0 | AS13: =IF( 0 = (1-1), (1-1), ((0 + 'BRAWLERS OFICIAL'!AS13)/1.5) ) -> 0 | AT13: =IF( 0 = (1-1), (1-1), ((0 + 'BRAWLERS OFICIAL'!AT13)/2) ) -> 0 | AU13: =((0 + 'BRAWLERS OFICIAL'!AU13)-'BRAWLERS OFICIAL'!AU13)/($BQ13/5) -> 0 | AV13: =(((0)/4 + 'BRAWLERS OFICIAL'!AV13)-'BRAWLERS OFICIAL'!AV13) -> 0 | AW13: 5 | AX13: This gadget improves the brawler's survivability by restoring their HP after a certain amount of time. However, this ability becomes quite ineffective if their enemies have a lot of burst damage or abilities that cancel the cooldown. | AY13: =((( 0 )/3 + 'BRAWLERS OFICIAL'!AY13)-'BRAWLERS OFICIAL'!AY13) -> 0 | AZ13: =((( 0 )/2 + 'BRAWLERS OFICIAL'!AZ13)-'BRAWLERS OFICIAL'!AZ13)/($BQ13/5) -> 0 | BA13: =((( 0 )/2 + 'BRAWLERS OFICIAL'!BA13)-'BRAWLERS OFICIAL'!BA13) -> 0 | BB13: =((( 0 )/3 + 'BRAWLERS OFICIAL'!BB13)-'BRAWLERS OFICIAL'!BB13) -> 0 | BC13: =((( 0 )/2 + 'BRAWLERS OFICIAL'!BC13)-'BRAWLERS OFICIAL'!BC13)/($BQ13/5) -> 0 | BD13: =((( 0 )/3 + 'BRAWLERS OFICIAL'!BD13)-'BRAWLERS OFICIAL'!BD13) -> 0 | BE13: =((( 0 )/3 + 'BRAWLERS OFICIAL'!BE13)-'BRAWLERS OFICIAL'!BE13) -> 0 | BF13: =((0 + 'BRAWLERS OFICIAL'!BF13)-'BRAWLERS OFICIAL'!BF13)/($BQ13/5) -> 0 | BG13: =((0 + 'BRAWLERS OFICIAL'!BG13)-'BRAWLERS OFICIAL'!BG13)/($BQ13/5) -> 0 | BH13: =((( 0 )/2 + 'BRAWLERS OFICIAL'!BH13)-'BRAWLERS OFICIAL'!BH13) -> 0 | BI13: =((0 + 'BRAWLERS OFICIAL'!BI13)-'BRAWLERS OFICIAL'!BI13)/($BQ13/5) -> 0 | BJ13: =((( 0 )/2 + 'BRAWLERS OFICIAL'!BJ13)-'BRAWLERS OFICIAL'!BJ13) -> 0 | BK13: =((( 0 )/3 + 'BRAWLERS OFICIAL'!BK13)-'BRAWLERS OFICIAL'!BK13) -> 0 | BL13: =((( 0 )/2 + 'BRAWLERS OFICIAL'!BL13)-'BRAWLERS OFICIAL'!BL13) -> 0 | BM13: =((0 + 'BRAWLERS OFICIAL'!BM13)-'BRAWLERS OFICIAL'!BM13)/($BQ13/5) -> 0 | BN13: =((-2 + 'BRAWLERS OFICIAL'!BN13)-'BRAWLERS OFICIAL'!BN13)/($BQ13/5) -> -0.90909091 | BO13: =((0 + 'BRAWLERS OFICIAL'!BO13)-'BRAWLERS OFICIAL'!BO13)/($BQ13/5) -> 0 | BQ13: 11
B14: PNEUMATIC BOOSTER | C14: JACKY | D14: retreat_button | E14: balance_between_damage_and_durability_in_long_range | F14: =((0 + 'BRAWLERS OFICIAL'!F14)-'BRAWLERS OFICIAL'!F14)/($BQ14/5) -> 0 | G14: =((0 + 'BRAWLERS OFICIAL'!G14)-'BRAWLERS OFICIAL'!G14)/($BQ14/5) -> 0 | H14: =((0 + 'BRAWLERS OFICIAL'!H14)-'BRAWLERS OFICIAL'!H14)/($BQ14/5) -> 0 | I14: =((0 + 'BRAWLERS OFICIAL'!I14)-'BRAWLERS OFICIAL'!I14)/($BQ14/5) -> 0 | J14: =((0 + 'BRAWLERS OFICIAL'!J14)-'BRAWLERS OFICIAL'!J14)/($BQ14/5) -> 0 | K14: =((0 + 'BRAWLERS OFICIAL'!K14)-'BRAWLERS OFICIAL'!K14)/($BQ14/5) -> 0 | L14: =((0 + 'BRAWLERS OFICIAL'!L14)-'BRAWLERS OFICIAL'!L14)/($BQ14/5) -> 0 | M14: =((0 + 'BRAWLERS OFICIAL'!M14)-'BRAWLERS OFICIAL'!M14)/($BQ14/5) -> 0 | ... V14: =((0 + 'BRAWLERS OFICIAL'!V14)-'BRAWLERS OFICIAL'!V14)/($BQ14/5) -> 0 | W14: =(0 + 'BRAWLERS OFICIAL'!W14)-'BRAWLERS OFICIAL'!W14 -> 0 | X14: =(( 0 + 'BRAWLERS OFICIAL'!X14 + AP14 + AY14/3.5 )-'BRAWLERS OFICIAL'!X14)/($BQ14/5) -> 0 | Y14: =((0 + 'BRAWLERS OFICIAL'!Y14)-'BRAWLERS OFICIAL'!Y14)/($BQ14/5) -> 0 | Z14: =(((0)/3 + 'BRAWLERS OFICIAL'!Z14)-'BRAWLERS OFICIAL'!Z14) -> 0 | AA14: =((0 + 'BRAWLERS OFICIAL'!AA14)-'BRAWLERS OFICIAL'!AA14)/($BQ14/5) -> 0 | AB14: =((0 + 'BRAWLERS OFICIAL'!AB14)-'BRAWLERS OFICIAL'!AB14)/($BQ14/5) -> 0 | AC14: =(((0)/4 + 'BRAWLERS OFICIAL'!AC14)-'BRAWLERS OFICIAL'!AC14)/($BQ14/5) -> 0 | AD14: =((0 + 'BRAWLERS OFICIAL'!AD14)-'BRAWLERS OFICIAL'!AD14)/($BQ14/5) -> 0 | AE14: =((0 + 'BRAWLERS OFICIAL'!AE14)-'BRAWLERS OFICIAL'!AE14)/($BQ14/5) -> 0 | AF14: =((0 + 'BRAWLERS OFICIAL'!AF14)-'BRAWLERS OFICIAL'!AF14)/($BQ14/5) -> 0 | AG14: =((0 + 'BRAWLERS OFICIAL'!AG14)-'BRAWLERS OFICIAL'!AG14) -> 0 | AH14: =((0 + 'BRAWLERS OFICIAL'!AH14)-'BRAWLERS OFICIAL'!AH14) -> 0 | AI14: =((0 + 'BRAWLERS OFICIAL'!AI14)-'BRAWLERS OFICIAL'!AI14) -> 0 | AJ14: =((4 + 'BRAWLERS OFICIAL'!AJ14)-'BRAWLERS OFICIAL'!AJ14)/($BQ14/5) -> 1.3333333 | AK14: =((0 + 'BRAWLERS OFICIAL'!AK14)-'BRAWLERS OFICIAL'!AK14)/($BQ14/5) -> 0 | AL14: =(((BK14/5+1)*AK14 + 'BRAWLERS OFICIAL'!AL14)-'BRAWLERS OFICIAL'!AL14)/($BQ14/5) -> 0 | AM14: =IF( 0 = (1-1), (1-1), ((0 + 'BRAWLERS OFICIAL'!AM14)/1.5)-'BRAWLERS OFICIAL'!AM14 ) -> 0 | AN14: =IF( 0 = (1-1), (1-1), ( 0 ) ) -> 0 | AO14: =((0 + 'BRAWLERS OFICIAL'!AO14)-'BRAWLERS OFICIAL'!AO14)/($BQ14/5) -> 0 | AP14: =((0/1000 + 'BRAWLERS OFICIAL'!AP14)-'BRAWLERS OFICIAL'!AP14) -> 0 | AQ14: =((0 + 'BRAWLERS OFICIAL'!AQ14)-'BRAWLERS OFICIAL'!AQ14) -> 0 | AR14: =IF( 0 = (1-1), (1-1), ((0 + 'BRAWLERS OFICIAL'!AR14)/1.5) ) -> 0 | AS14: =IF( 0 = (1-1), (1-1), ((0 + 'BRAWLERS OFICIAL'!AS14)/1.5) ) -> 0 | AT14: =IF( 0 = (1-1), (1-1), ((0 + 'BRAWLERS OFICIAL'!AT14)/2) ) -> 0 | AU14: =((0 + 'BRAWLERS OFICIAL'!AU14)-'BRAWLERS OFICIAL'!AU14)/($BQ14/5) -> 0 | AV14: =(((0)/4 + 'BRAWLERS OFICIAL'!AV14)-'BRAWLERS OFICIAL'!AV14) -> 0 | AW14: 0 | AX14: none | AY14: =((( 0 )/3 + 'BRAWLERS OFICIAL'!AY14)-'BRAWLERS OFICIAL'!AY14) -> 0 | AZ14: =((( 0 )/2 + 'BRAWLERS OFICIAL'!AZ14)-'BRAWLERS OFICIAL'!AZ14)/($BQ14/5) -> 0 | BA14: =((( 0 )/2 + 'BRAWLERS OFICIAL'!BA14)-'BRAWLERS OFICIAL'!BA14) -> 0 | BB14: =((( 0 )/3 + 'BRAWLERS OFICIAL'!BB14)-'BRAWLERS OFICIAL'!BB14) -> 0 | BC14: =((( 0 )/2 + 'BRAWLERS OFICIAL'!BC14)-'BRAWLERS OFICIAL'!BC14)/($BQ14/5) -> 0 | BD14: =((( 0 )/3 + 'BRAWLERS OFICIAL'!BD14)-'BRAWLERS OFICIAL'!BD14) -> 0 | BE14: =((( 0 )/3 + 'BRAWLERS OFICIAL'!BE14)-'BRAWLERS OFICIAL'!BE14) -> 0 | BF14: =((0 + 'BRAWLERS OFICIAL'!BF14)-'BRAWLERS OFICIAL'!BF14)/($BQ14/5) -> 0 | BG14: =((0 + 'BRAWLERS OFICIAL'!BG14)-'BRAWLERS OFICIAL'!BG14)/($BQ14/5) -> 0 | BH14: =((( 0 )/2 + 'BRAWLERS OFICIAL'!BH14)-'BRAWLERS OFICIAL'!BH14) -> 0 | BI14: =((0 + 'BRAWLERS OFICIAL'!BI14)-'BRAWLERS OFICIAL'!BI14)/($BQ14/5) -> 0 | BJ14: =((( 0 )/2 + 'BRAWLERS OFICIAL'!BJ14)-'BRAWLERS OFICIAL'!BJ14) -> 0 | BK14: =((( 0 )/3 + 'BRAWLERS OFICIAL'!BK14)-'BRAWLERS OFICIAL'!BK14) -> 0 | BL14: =((( 0 )/2 + 'BRAWLERS OFICIAL'!BL14)-'BRAWLERS OFICIAL'!BL14) -> 0 | BM14: =((0 + 'BRAWLERS OFICIAL'!BM14)-'BRAWLERS OFICIAL'!BM14)/($BQ14/5) -> 0 | BN14: =((0 + 'BRAWLERS OFICIAL'!BN14)-'BRAWLERS OFICIAL'!BN14)/($BQ14/5) -> 0 | BO14: =((0 + 'BRAWLERS OFICIAL'!BO14)-'BRAWLERS OFICIAL'!BO14)/($BQ14/5) -> 0 | BQ14: 15
B15: SALTY BARREL | C15: PENNY | D15: usual_burst_damage_in_long_range | E15: usual_burst_damage_in_very_long_range | F15: =((0 + 'BRAWLERS OFICIAL'!F15)-'BRAWLERS OFICIAL'!F15)/($BQ15/5) -> 0 | G15: =((0 + 'BRAWLERS OFICIAL'!G15)-'BRAWLERS OFICIAL'!G15)/($BQ15/5) -> 0 | H15: =((0 + 'BRAWLERS OFICIAL'!H15)-'BRAWLERS OFICIAL'!H15)/($BQ15/5) -> 0 | I15: =((0 + 'BRAWLERS OFICIAL'!I15)-'BRAWLERS OFICIAL'!I15)/($BQ15/5) -> 0 | J15: =((3.5 + 'BRAWLERS OFICIAL'!J15)-'BRAWLERS OFICIAL'!J15)/($BQ15/5) -> 0.97222222 | K15: =((3.5 + 'BRAWLERS OFICIAL'!K15)-'BRAWLERS OFICIAL'!K15)/($BQ15/5) -> 0.97222222 | L15: =((1 + 'BRAWLERS OFICIAL'!L15)-'BRAWLERS OFICIAL'!L15)/($BQ15/5) -> 0.27777778 | M15: =((0 + 'BRAWLERS OFICIAL'!M15)-'BRAWLERS OFICIAL'!M15)/($BQ15/5) -> 0 | N15: =((0 + 'BRAWLERS OFICIAL'!N15)-'BRAWLERS OFICIAL'!N15)/($BQ15/5) -> 0 | O15: =((0 + 'BRAWLERS OFICIAL'!O15)-'BRAWLERS OFICIAL'!O15)/($BQ15/5) -> 0 | P15: =((0 + 'BRAWLERS OFICIAL'!P15)-'BRAWLERS OFICIAL'!P15)/($BQ15/5) -> 0 | Q15: =((0 + 'BRAWLERS OFICIAL'!Q15)-'BRAWLERS OFICIAL'!Q15)/($BQ15/5) -> 0 | R15: =((0 + 'BRAWLERS OFICIAL'!R15)-'BRAWLERS OFICIAL'!R15)/($BQ15/5) -> 0 | S15: =((0 + 'BRAWLERS OFICIAL'!S15)-'BRAWLERS OFICIAL'!S15)/($BQ15/5) -> 0 | T15: =((0 + 'BRAWLERS OFICIAL'!T15)-'BRAWLERS OFICIAL'!T15)/($BQ15/5) -> 0 | ... V15: =((0 + 'BRAWLERS OFICIAL'!V15)-'BRAWLERS OFICIAL'!V15)/($BQ15/5) -> 0 | W15: =(0 + 'BRAWLERS OFICIAL'!W15)-'BRAWLERS OFICIAL'!W15 -> 0 | X15: =(( 0 + 'BRAWLERS OFICIAL'!X15 + AP15 + AY15/3.5 )-'BRAWLERS OFICIAL'!X15)/($BQ15/5) -> 0.70555556 | Y15: =((0 + 'BRAWLERS OFICIAL'!Y15)-'BRAWLERS OFICIAL'!Y15)/($BQ15/5) -> 0 | Z15: =(((0)/3 + 'BRAWLERS OFICIAL'!Z15)-'BRAWLERS OFICIAL'!Z15) -> 0 | AA15: =((0 + 'BRAWLERS OFICIAL'!AA15)-'BRAWLERS OFICIAL'!AA15)/($BQ15/5) -> 0 | AB15: =((0 + 'BRAWLERS OFICIAL'!AB15)-'BRAWLERS OFICIAL'!AB15)/($BQ15/5) -> 0 | AC15: =(((0)/4 + 'BRAWLERS OFICIAL'!AC15)-'BRAWLERS OFICIAL'!AC15)/($BQ15/5) -> 0 | AD15: =((0 + 'BRAWLERS OFICIAL'!AD15)-'BRAWLERS OFICIAL'!AD15)/($BQ15/5) -> 0 | AE15: =((0 + 'BRAWLERS OFICIAL'!AE15)-'BRAWLERS OFICIAL'!AE15)/($BQ15/5) -> 0 | AF15: =((0 + 'BRAWLERS OFICIAL'!AF15)-'BRAWLERS OFICIAL'!AF15)/($BQ15/5) -> 0 | AG15: =((0 + 'BRAWLERS OFICIAL'!AG15)-'BRAWLERS OFICIAL'!AG15) -> 0 | AH15: =((0 + 'BRAWLERS OFICIAL'!AH15)-'BRAWLERS OFICIAL'!AH15) -> 0 | AI15: =((0 + 'BRAWLERS OFICIAL'!AI15)-'BRAWLERS OFICIAL'!AI15) -> 0 | AJ15: =((0 + 'BRAWLERS OFICIAL'!AJ15)-'BRAWLERS OFICIAL'!AJ15)/($BQ15/5) -> 0 | AK15: =((0 + 'BRAWLERS OFICIAL'!AK15)-'BRAWLERS OFICIAL'!AK15)/($BQ15/5) -> 0 | AL15: =(((BK15/5+1)*AK15 + 'BRAWLERS OFICIAL'!AL15)-'BRAWLERS OFICIAL'!AL15)/($BQ15/5) -> 0 | AM15: =IF( 5.5 = (1-1), (1-1), ((5.5 + 'BRAWLERS OFICIAL'!AM15)/1.5)-'BRAWLERS OFICIAL'!AM15 ) -> 2.3333333 | AN15: =IF( 1 = (1-1), (1-1), ( 1 ) ) -> 1 | AO15: =((0 + 'BRAWLERS OFICIAL'!AO15)-'BRAWLERS OFICIAL'!AO15)/($BQ15/5) -> 0 | AP15: =((2540/1000 + 'BRAWLERS OFICIAL'!AP15)-'BRAWLERS OFICIAL'!AP15) -> 2.54 | AQ15: =((0 + 'BRAWLERS OFICIAL'!AQ15)-'BRAWLERS OFICIAL'!AQ15) -> 0 | AR15: =IF( 0 = (1-1), (1-1), ((0 + 'BRAWLERS OFICIAL'!AR15)/1.5) ) -> 0 | AS15: =IF( 0 = (1-1), (1-1), ((0 + 'BRAWLERS OFICIAL'!AS15)/1.5) ) -> 0 | AT15: =IF( 5 = (1-1), (1-1), ((5 + 'BRAWLERS OFICIAL'!AT15)/2) ) -> 2.5 | AU15: =((0 + 'BRAWLERS OFICIAL'!AU15)-'BRAWLERS OFICIAL'!AU15)/($BQ15/5) -> 0 | AV15: =(((0)/4 + 'BRAWLERS OFICIAL'!AV15)-'BRAWLERS OFICIAL'!AV15) -> 0 | AW15: 0 | AX15: none | AY15: =((( 0 )/3 + 'BRAWLERS OFICIAL'!AY15)-'BRAWLERS OFICIAL'!AY15) -> 0 | AZ15: =((( 0 )/2 + 'BRAWLERS OFICIAL'!AZ15)-'BRAWLERS OFICIAL'!AZ15)/($BQ15/5) -> 0 | BA15: =((( 0 )/2 + 'BRAWLERS OFICIAL'!BA15)-'BRAWLERS OFICIAL'!BA15) -> 0 | BB15: =((( 0 )/3 + 'BRAWLERS OFICIAL'!BB15)-'BRAWLERS OFICIAL'!BB15) -> 0 | BC15: =((( 0 )/2 + 'BRAWLERS OFICIAL'!BC15)-'BRAWLERS OFICIAL'!BC15)/($BQ15/5) -> 0 | BD15: =((( 0 )/3 + 'BRAWLERS OFICIAL'!BD15)-'BRAWLERS OFICIAL'!BD15) -> 0 | BE15: =((( 0 )/3 + 'BRAWLERS OFICIAL'!BE15)-'BRAWLERS OFICIAL'!BE15) -> 0 | BF15: =((0 + 'BRAWLERS OFICIAL'!BF15)-'BRAWLERS OFICIAL'!BF15)/($BQ15/5) -> 0 | BG15: =((0 + 'BRAWLERS OFICIAL'!BG15)-'BRAWLERS OFICIAL'!BG15)/($BQ15/5) -> 0 | BH15: =((( 0 )/2 + 'BRAWLERS OFICIAL'!BH15)-'BRAWLERS OFICIAL'!BH15) -> 0 | BI15: =((0 + 'BRAWLERS OFICIAL'!BI15)-'BRAWLERS OFICIAL'!BI15)/($BQ15/5) -> 0 | BJ15: =((( 0 )/2 + 'BRAWLERS OFICIAL'!BJ15)-'BRAWLERS OFICIAL'!BJ15) -> 0 | BK15: =((( 0 )/3 + 'BRAWLERS OFICIAL'!BK15)-'BRAWLERS OFICIAL'!BK15) -> 0 | BL15: =((( 0 )/2 + 'BRAWLERS OFICIAL'!BL15)-'BRAWLERS OFICIAL'!BL15) -> 0 | BM15: =((0 + 'BRAWLERS OFICIAL'!BM15)-'BRAWLERS OFICIAL'!BM15)/($BQ15/5) -> 0 | BN15: =((0 + 'BRAWLERS OFICIAL'!BN15)-'BRAWLERS OFICIAL'!BN15)/($BQ15/5) -> 0 | BO15: =((0 + 'BRAWLERS OFICIAL'!BO15)-'BRAWLERS OFICIAL'!BO15)/($BQ15/5) -> 0 | BQ15: 18
B16: COMBO SPINNER | C16: MORTIS | D16: retreat_button | E16: balance_between_damage_and_durability_in_short_range | F16: =((0 + 'BRAWLERS OFICIAL'!F16)-'BRAWLERS OFICIAL'!F16)/($BQ16/5) -> 0 | G16: =((0 + 'BRAWLERS OFICIAL'!G16)-'BRAWLERS OFICIAL'!G16)/($BQ16/5) -> 0 | H16: =((0 + 'BRAWLERS OFICIAL'!H16)-'BRAWLERS OFICIAL'!H16)/($BQ16/5) -> 0 | I16: =((0 + 'BRAWLERS OFICIAL'!I16)-'BRAWLERS OFICIAL'!I16)/($BQ16/5) -> 0 | J16: =((1.25 + 'BRAWLERS OFICIAL'!J16)-'BRAWLERS OFICIAL'!J16)/($BQ16/5) -> 0.41666667 | K16: =((1.25 + 'BRAWLERS OFICIAL'!K16)-'BRAWLERS OFICIAL'!K16)/($BQ16/5) -> 0.41666667 | L16: =((1.25 + 'BRAWLERS OFICIAL'!L16)-'BRAWLERS OFICIAL'!L16)/($BQ16/5) -> 0.41666667 | M16: =((0 + 'BRAWLERS OFICIAL'!M16)-'BRAWLERS OFICIAL'!M16)/($BQ16/5) -> 0 | N16: =((0 + 'BRAWLERS OFICIAL'!N16)-'BRAWLERS OFICIAL'!N16)/($BQ16/5) -> 0 | O16: =((0 + 'BRAWLERS OFICIAL'!O16)-'BRAWLERS OFICIAL'!O16)/($BQ16/5) -> 0 | P16: =((0 + 'BRAWLERS OFICIAL'!P16)-'BRAWLERS OFICIAL'!P16)/($BQ16/5) -> 0 | Q16: =((0 + 'BRAWLERS OFICIAL'!Q16)-'BRAWLERS OFICIAL'!Q16)/($BQ16/5) -> 0 | R16: =((0 + 'BRAWLERS OFICIAL'!R16)-'BRAWLERS OFICIAL'!R16)/($BQ16/5) -> 0 | S16: =((0 + 'BRAWLERS OFICIAL'!S16)-'BRAWLERS OFICIAL'!S16)/($BQ16/5) -> 0 | T16: =((0 + 'BRAWLERS OFICIAL'!T16)-'BRAWLERS OFICIAL'!T16)/($BQ16/5) -> 0 | ... V16: =((0 + 'BRAWLERS OFICIAL'!V16)-'BRAWLERS OFICIAL'!V16)/($BQ16/5) -> 0 | W16: 0 | X16: =(( 0 + 'BRAWLERS OFICIAL'!X16 + AP16 + AY16/3.5 )-'BRAWLERS OFICIAL'!X16)/($BQ16/5) -> 0 | Y16: =((2 + 'BRAWLERS OFICIAL'!Y16)-'BRAWLERS OFICIAL'!Y16)/($BQ16/5) -> 0.66666667 | Z16: =(((0)/3 + 'BRAWLERS OFICIAL'!Z16)-'BRAWLERS OFICIAL'!Z16) -> 0 | AA16: =((1 + 'BRAWLERS OFICIAL'!AA16)-'BRAWLERS OFICIAL'!AA16)/($BQ16/5) -> 0.33333333 | AB16: =((0 + 'BRAWLERS OFICIAL'!AB16)-'BRAWLERS OFICIAL'!AB16)/($BQ16/5) -> 0 | AC16: =(((0)/4 + 'BRAWLERS OFICIAL'!AC16)-'BRAWLERS OFICIAL'!AC16)/($BQ16/5) -> 0 | AD16: =((0 + 'BRAWLERS OFICIAL'!AD16)-'BRAWLERS OFICIAL'!AD16)/($BQ16/5) -> 0 | AE16: =((0 + 'BRAWLERS OFICIAL'!AE16)-'BRAWLERS OFICIAL'!AE16)/($BQ16/5) -> 0 | AF16: =((2 + 'BRAWLERS OFICIAL'!AF16)-'BRAWLERS OFICIAL'!AF16)/($BQ16/5) -> 0.66666667 | AG16: =((0 + 'BRAWLERS OFICIAL'!AG16)-'BRAWLERS OFICIAL'!AG16) -> 0 | AH16: =((0 + 'BRAWLERS OFICIAL'!AH16)-'BRAWLERS OFICIAL'!AH16) -> 0 | AI16: =((0 + 'BRAWLERS OFICIAL'!AI16)-'BRAWLERS OFICIAL'!AI16) -> 0 | AJ16: =((0 + 'BRAWLERS OFICIAL'!AJ16)-'BRAWLERS OFICIAL'!AJ16)/($BQ16/5) -> 0 | AK16: =((0 + 'BRAWLERS OFICIAL'!AK16)-'BRAWLERS OFICIAL'!AK16)/($BQ16/5) -> 0 | AL16: =(((BK16/5+1)*AK16 + 'BRAWLERS OFICIAL'!AL16)-'BRAWLERS OFICIAL'!AL16)/($BQ16/5) -> 0 | AM16: =IF( 0 = (1-1), (1-1), ((0 + 'BRAWLERS OFICIAL'!AM16)/1.5)-'BRAWLERS OFICIAL'!AM16 ) -> 0 | AN16: =IF( 0 = (1-1), (1-1), ( 0 ) ) -> 0 | AO16: =((0 + 'BRAWLERS OFICIAL'!AO16)-'BRAWLERS OFICIAL'!AO16)/($BQ16/5) -> 0 | AP16: =((0/1000 + 'BRAWLERS OFICIAL'!AP16)-'BRAWLERS OFICIAL'!AP16) -> 0 | AQ16: =((0 + 'BRAWLERS OFICIAL'!AQ16)-'BRAWLERS OFICIAL'!AQ16) -> 0 | AR16: =IF( 0 = (1-1), (1-1), ((0 + 'BRAWLERS OFICIAL'!AR16)/1.5) ) -> 0 | AS16: =IF( 0 = (1-1), (1-1), ((0 + 'BRAWLERS OFICIAL'!AS16)/1.5) ) -> 0 | AT16: =IF( 0 = (1-1), (1-1), ((0 + 'BRAWLERS OFICIAL'!AT16)/2) ) -> 0 | AU16: =((0 + 'BRAWLERS OFICIAL'!AU16)-'BRAWLERS OFICIAL'!AU16)/($BQ16/5) -> 0 | AV16: =(((0)/4 + 'BRAWLERS OFICIAL'!AV16)-'BRAWLERS OFICIAL'!AV16) -> 0 | AW16: 0 | AX16: none | AY16: =((( 0 )/3 + 'BRAWLERS OFICIAL'!AY16)-'BRAWLERS OFICIAL'!AY16) -> 0 | AZ16: =((( 0 )/2 + 'BRAWLERS OFICIAL'!AZ16)-'BRAWLERS OFICIAL'!AZ16)/($BQ16/5) -> 0 | BA16: =((( 0 )/2 + 'BRAWLERS OFICIAL'!BA16)-'BRAWLERS OFICIAL'!BA16) -> 0 | BB16: =((( 0 )/3 + 'BRAWLERS OFICIAL'!BB16)-'BRAWLERS OFICIAL'!BB16) -> 0 | BC16: =((( 0 )/2 + 'BRAWLERS OFICIAL'!BC16)-'BRAWLERS OFICIAL'!BC16)/($BQ16/5) -> 0 | BD16: =((( 0 )/3 + 'BRAWLERS OFICIAL'!BD16)-'BRAWLERS OFICIAL'!BD16) -> 0 | BE16: =((( 0 )/3 + 'BRAWLERS OFICIAL'!BE16)-'BRAWLERS OFICIAL'!BE16) -> 0 | BF16: =((0 + 'BRAWLERS OFICIAL'!BF16)-'BRAWLERS OFICIAL'!BF16)/($BQ16/5) -> 0 | BG16: =((0 + 'BRAWLERS OFICIAL'!BG16)-'BRAWLERS OFICIAL'!BG16)/($BQ16/5) -> 0 | BH16: =((( 0 )/2 + 'BRAWLERS OFICIAL'!BH16)-'BRAWLERS OFICIAL'!BH16) -> 0 | BI16: =((0 + 'BRAWLERS OFICIAL'!BI16)-'BRAWLERS OFICIAL'!BI16)/($BQ16/5) -> 0 | BJ16: =((( 0 )/2 + 'BRAWLERS OFICIAL'!BJ16)-'BRAWLERS OFICIAL'!BJ16) -> 0 | BK16: =((( 0 )/3 + 'BRAWLERS OFICIAL'!BK16)-'BRAWLERS OFICIAL'!BK16) -> 0 | BL16: =((( 0 )/2 + 'BRAWLERS OFICIAL'!BL16)-'BRAWLERS OFICIAL'!BL16) -> 0 | BM16: =((0 + 'BRAWLERS OFICIAL'!BM16)-'BRAWLERS OFICIAL'!BM16)/($BQ16/5) -> 0 | BN16: =((0 + 'BRAWLERS OFICIAL'!BN16)-'BRAWLERS OFICIAL'!BN16)/($BQ16/5) -> 0 | BO16: =((0 + 'BRAWLERS OFICIAL'!BO16)-'BRAWLERS OFICIAL'!BO16)/($BQ16/5) -> 0 | BQ16: 15
B17: MINE MANIA | C17: TICK | D17: easy_approach | E17: wall_break_efficiency | F17: =((0 + 'BRAWLERS OFICIAL'!F17)-'BRAWLERS OFICIAL'!F17)/($BQ17/5) -> 0 | G17: =((0 + 'BRAWLERS OFICIAL'!G17)-'BRAWLERS OFICIAL'!G17)/($BQ17/5) -> 0 | H17: =((0 + 'BRAWLERS OFICIAL'!H17)-'BRAWLERS OFICIAL'!H17)/($BQ17/5) -> 0 | I17: =((0 + 'BRAWLERS OFICIAL'!I17)-'BRAWLERS OFICIAL'!I17)/($BQ17/5) -> 0 | J17: =((2*'BRAWLERS OFICIAL'!J17)-'BRAWLERS OFICIAL'!J17)/($BQ17/5) -> 0.5 | K17: =((2*'BRAWLERS OFICIAL'!K17)-'BRAWLERS OFICIAL'!K17)/($BQ17/5) -> 0.2 | L17: =((2*'BRAWLERS OFICIAL'!L17)-'BRAWLERS OFICIAL'!L17)/($BQ17/5) -> 0.4 | M17: =((2*'BRAWLERS OFICIAL'!M17)-'BRAWLERS OFICIAL'!M17)/($BQ17/5) -> 0.6 | N17: =((2*'BRAWLERS OFICIAL'!N17)-'BRAWLERS OFICIAL'!N17)/($BQ17/5) -> 0.2 | O17: =((0 + 'BRAWLERS OFICIAL'!O17)-'BRAWLERS OFICIAL'!O17)/($BQ17/5) -> 0 | P17: =((0 + 'BRAWLERS OFICIAL'!P17)-'BRAWLERS OFICIAL'!P17)/($BQ17/5) -> 0 | Q17: =((0 + 'BRAWLERS OFICIAL'!Q17)-'BRAWLERS OFICIAL'!Q17)/($BQ17/5) -> 0 | R17: =((0 + 'BRAWLERS OFICIAL'!R17)-'BRAWLERS OFICIAL'!R17)/($BQ17/5) -> 0 | S17: =((0 + 'BRAWLERS OFICIAL'!S17)-'BRAWLERS OFICIAL'!S17)/($BQ17/5) -> 0 | T17: =((0 + 'BRAWLERS OFICIAL'!T17)-'BRAWLERS OFICIAL'!T17)/($BQ17/5) -> 0 | U17: =((0 + 'BRAWLERS OFICIAL'!U17)-'BRAWLERS OFICIAL'!U17)/($BQ17/5) -> 0 | V17: =((0 + 'BRAWLERS OFICIAL'!V17)-'BRAWLERS OFICIAL'!V17)/($BQ17/5) -> 0 | W17: =(0 + 'BRAWLERS OFICIAL'!W17)-'BRAWLERS OFICIAL'!W17 -> 0 | X17: =(( 0 + 'BRAWLERS OFICIAL'!X17 + AP17 + AY17/3.5 )-'BRAWLERS OFICIAL'!X17)/($BQ17/5) -> 0 | Y17: =((0 + 'BRAWLERS OFICIAL'!Y17)-'BRAWLERS OFICIAL'!Y17)/($BQ17/5) -> 0 | Z17: =(((0)/3 + 'BRAWLERS OFICIAL'!Z17)-'BRAWLERS OFICIAL'!Z17) -> 0 | AA17: =((0 + 'BRAWLERS OFICIAL'!AA17)-'BRAWLERS OFICIAL'!AA17)/($BQ17/5) -> 0 | AB17: =((0 + 'BRAWLERS OFICIAL'!AB17)-'BRAWLERS OFICIAL'!AB17)/($BQ17/5) -> 0 | AC17: =(((0)/4 + 'BRAWLERS OFICIAL'!AC17)-'BRAWLERS OFICIAL'!AC17)/($BQ17/5) -> 0 | AD17: =((0 + 'BRAWLERS OFICIAL'!AD17)-'BRAWLERS OFICIAL'!AD17)/($BQ17/5) -> 0 | AE17: =((0 + 'BRAWLERS OFICIAL'!AE17)-'BRAWLERS OFICIAL'!AE17)/($BQ17/5) -> 0 | AF17: =((0 + 'BRAWLERS OFICIAL'!AF17)-'BRAWLERS OFICIAL'!AF17)/($BQ17/5) -> 0 | AG17: =((0 + 'BRAWLERS OFICIAL'!AG17)-'BRAWLERS OFICIAL'!AG17) -> 0 | AH17: =((0 + 'BRAWLERS OFICIAL'!AH17)-'BRAWLERS OFICIAL'!AH17) -> 0 | AI17: =((0 + 'BRAWLERS OFICIAL'!AI17)-'BRAWLERS OFICIAL'!AI17) -> 0 | AJ17: =((0 + 'BRAWLERS OFICIAL'!AJ17)-'BRAWLERS OFICIAL'!AJ17)/($BQ17/5) -> 0 | AK17: =((0 + 'BRAWLERS OFICIAL'!AK17)-'BRAWLERS OFICIAL'!AK17)/($BQ17/5) -> 0 | AL17: =(((BK17/5+1)*AK17 + 'BRAWLERS OFICIAL'!AL17)-'BRAWLERS OFICIAL'!AL17)/($BQ17/5) -> 0 | AM17: =IF( 0 = (1-1), (1-1), ((0 + 'BRAWLERS OFICIAL'!AM17)/1.5)-'BRAWLERS OFICIAL'!AM17 ) -> 0 | AN17: =IF( 0 = (1-1), (1-1), ( 0 ) ) -> 0 | AO17: =((0 + 'BRAWLERS OFICIAL'!AO17)-'BRAWLERS OFICIAL'!AO17)/($BQ17/5) -> 0 | AP17: =((0/1000 + 'BRAWLERS OFICIAL'!AP17)-'BRAWLERS OFICIAL'!AP17) -> 0 | AQ17: =((0 + 'BRAWLERS OFICIAL'!AQ17)-'BRAWLERS OFICIAL'!AQ17) -> 0 | AR17: =IF( 0 = (1-1), (1-1), ((0 + 'BRAWLERS OFICIAL'!AR17)/1.5) ) -> 0 | AS17: =IF( 0 = (1-1), (1-1), ((0 + 'BRAWLERS OFICIAL'!AS17)/1.5) ) -> 0 | AT17: =IF( 0 = (1-1), (1-1), ((0 + 'BRAWLERS OFICIAL'!AT17)/2) ) -> 0 | AU17: =((0 + 'BRAWLERS OFICIAL'!AU17)-'BRAWLERS OFICIAL'!AU17)/($BQ17/5) -> 0 | AV17: =(((0)/4 + 'BRAWLERS OFICIAL'!AV17)-'BRAWLERS OFICIAL'!AV17) -> 0 | AW17: 0 | AX17: none | AY17: =((( 0 )/3 + 'BRAWLERS OFICIAL'!AY17)-'BRAWLERS OFICIAL'!AY17) -> 0 | AZ17: =((( 0 )/2 + 'BRAWLERS OFICIAL'!AZ17)-'BRAWLERS OFICIAL'!AZ17)/($BQ17/5) -> 0 | BA17: =((( 0 )/2 + 'BRAWLERS OFICIAL'!BA17)-'BRAWLERS OFICIAL'!BA17) -> 0 | BB17: =((( 0 )/3 + 'BRAWLERS OFICIAL'!BB17)-'BRAWLERS OFICIAL'!BB17) -> 0 | BC17: =((( 0 )/2 + 'BRAWLERS OFICIAL'!BC17)-'BRAWLERS OFICIAL'!BC17)/($BQ17/5) -> 0 | BD17: =((( 0 )/3 + 'BRAWLERS OFICIAL'!BD17)-'BRAWLERS OFICIAL'!BD17) -> 0 | BE17: =((( 0 )/3 + 'BRAWLERS OFICIAL'!BE17)-'BRAWLERS OFICIAL'!BE17) -> 0 | BF17: =((0 + 'BRAWLERS OFICIAL'!BF17)-'BRAWLERS OFICIAL'!BF17)/($BQ17/5) -> 0 | BG17: =((0 + 'BRAWLERS OFICIAL'!BG17)-'BRAWLERS OFICIAL'!BG17)/($BQ17/5) -> 0 | BH17: =((( 0 )/2 + 'BRAWLERS OFICIAL'!BH17)-'BRAWLERS OFICIAL'!BH17) -> 0 | BI17: =((0 + 'BRAWLERS OFICIAL'!BI17)-'BRAWLERS OFICIAL'!BI17)/($BQ17/5) -> 0 | BJ17: =((( 0 )/2 + 'BRAWLERS OFICIAL'!BJ17)-'BRAWLERS OFICIAL'!BJ17) -> 0 | BK17: =((( 0 )/3 + 'BRAWLERS OFICIAL'!BK17)-'BRAWLERS OFICIAL'!BK17) -> 0 | BL17: =((( 0 )/2 + 'BRAWLERS OFICIAL'!BL17)-'BRAWLERS OFICIAL'!BL17) -> 0 | BM17: =((0 + 'BRAWLERS OFICIAL'!BM17)-'BRAWLERS OFICIAL'!BM17)/($BQ17/5) -> 0 | BN17: =((0 + 'BRAWLERS OFICIAL'!BN17)-'BRAWLERS OFICIAL'!BN17)/($BQ17/5) -> 0 | BO17: =((0 + 'BRAWLERS OFICIAL'!BO17)-'BRAWLERS OFICIAL'!BO17)/($BQ17/5) -> 0 | BQ17: 15
B18: VOODOO CHILE | C18: JUJU | D18: easy_approach | E18: wall_break_efficiency | F18: =((0 + 'BRAWLERS OFICIAL'!F18)-'BRAWLERS OFICIAL'!F18)/($BQ18/5) -> 0 | G18: =((0 + 'BRAWLERS OFICIAL'!G18)-'BRAWLERS OFICIAL'!G18)/($BQ18/5) -> 0 | H18: =((0 + 'BRAWLERS OFICIAL'!H18)-'BRAWLERS OFICIAL'!H18)/($BQ18/5) -> 0 | I18: =((0 + 'BRAWLERS OFICIAL'!I18)-'BRAWLERS OFICIAL'!I18)/($BQ18/5) -> 0 | J18: =((0.1 + 'BRAWLERS OFICIAL'!J18)-'BRAWLERS OFICIAL'!J18)/($BQ18/5) -> 0.035714286 | K18: =((0.1 + 'BRAWLERS OFICIAL'!K18)-'BRAWLERS OFICIAL'!K18)/($BQ18/5) -> 0.035714286 | L18: =((0.1 + 'BRAWLERS OFICIAL'!L18)-'BRAWLERS OFICIAL'!L18)/($BQ18/5) -> 0.035714286 | M18: =((0.1 + 'BRAWLERS OFICIAL'!M18)-'BRAWLERS OFICIAL'!M18)/($BQ18/5) -> 0.035714286 | N18: =((0.1 + 'BRAWLERS OFICIAL'!N18)-'BRAWLERS OFICIAL'!N18)/($BQ18/5) -> 0.035714286 | O18: =((0 + 'BRAWLERS OFICIAL'!O18)-'BRAWLERS OFICIAL'!O18)/($BQ18/5) -> 0 | P18: =((0 + 'BRAWLERS OFICIAL'!P18)-'BRAWLERS OFICIAL'!P18)/($BQ18/5) -> 0 | Q18: =((0 + 'BRAWLERS OFICIAL'!Q18)-'BRAWLERS OFICIAL'!Q18)/($BQ18/5) -> 0 | R18: =((0 + 'BRAWLERS OFICIAL'!R18)-'BRAWLERS OFICIAL'!R18)/($BQ18/5) -> 0 | S18: =((0 + 'BRAWLERS OFICIAL'!S18)-'BRAWLERS OFICIAL'!S18)/($BQ18/5) -> 0 | T18: =((0 + 'BRAWLERS OFICIAL'!T18)-'BRAWLERS OFICIAL'!T18)/($BQ18/5) -> 0 | U18: =((0 + 'BRAWLERS OFICIAL'!U18)-'BRAWLERS OFICIAL'!U18)/($BQ18/5) -> 0 | V18: =((0 + 'BRAWLERS OFICIAL'!V18)-'BRAWLERS OFICIAL'!V18)/($BQ18/5) -> 0 | W18: 0 | X18: =(( 0 + 'BRAWLERS OFICIAL'!X18 + AP18 + AY18/3.5 )-'BRAWLERS OFICIAL'!X18)/($BQ18/5) -> 0 | Y18: =((0.2 + 'BRAWLERS OFICIAL'!Y18)-'BRAWLERS OFICIAL'!Y18)/($BQ18/5) -> 0.071428571 | Z18: =(((0)/3 + 'BRAWLERS OFICIAL'!Z18)-'BRAWLERS OFICIAL'!Z18) -> 0 | AA18: =((0 + 'BRAWLERS OFICIAL'!AA18)-'BRAWLERS OFICIAL'!AA18)/($BQ18/5) -> 0 | AB18: =((0 + 'BRAWLERS OFICIAL'!AB18)-'BRAWLERS OFICIAL'!AB18)/($BQ18/5) -> 0 | AC18: =(((0)/4 + 'BRAWLERS OFICIAL'!AC18)-'BRAWLERS OFICIAL'!AC18)/($BQ18/5) -> 0 | AD18: =((0 + 'BRAWLERS OFICIAL'!AD18)-'BRAWLERS OFICIAL'!AD18)/($BQ18/5) -> 0 | AE18: =((0 + 'BRAWLERS OFICIAL'!AE18)-'BRAWLERS OFICIAL'!AE18)/($BQ18/5) -> 0 | AF18: =((0 + 'BRAWLERS OFICIAL'!AF18)-'BRAWLERS OFICIAL'!AF18)/($BQ18/5) -> 0 | AG18: =((0 + 'BRAWLERS OFICIAL'!AG18)-'BRAWLERS OFICIAL'!AG18) -> 0 | AH18: =((0 + 'BRAWLERS OFICIAL'!AH18)-'BRAWLERS OFICIAL'!AH18) -> 0 | AI18: =((0 + 'BRAWLERS OFICIAL'!AI18)-'BRAWLERS OFICIAL'!AI18) -> 0 | AJ18: =((0 + 'BRAWLERS OFICIAL'!AJ18)-'BRAWLERS OFICIAL'!AJ18)/($BQ18/5) -> 0 | AK18: =((0 + 'BRAWLERS OFICIAL'!AK18)-'BRAWLERS OFICIAL'!AK18)/($BQ18/5) -> 0 | AL18: =(((BK18/5+1)*AK18 + 'BRAWLERS OFICIAL'!AL18)-'BRAWLERS OFICIAL'!AL18)/($BQ18/5) -> 0 | AM18: =IF( 0 = (1-1), (1-1), ((0 + 'BRAWLERS OFICIAL'!AM18)/1.5)-'BRAWLERS OFICIAL'!AM18 ) -> 0 | AN18: =IF( 0 = (1-1), (1-1), ( 0 ) ) -> 0 | AO18: =((0 + 'BRAWLERS OFICIAL'!AO18)-'BRAWLERS OFICIAL'!AO18)/($BQ18/5) -> 0 | AP18: =((0/1000 + 'BRAWLERS OFICIAL'!AP18)-'BRAWLERS OFICIAL'!AP18) -> 0 | AQ18: =((0 + 'BRAWLERS OFICIAL'!AQ18)-'BRAWLERS OFICIAL'!AQ18) -> 0 | AR18: =IF( 0 = (1-1), (1-1), ((0 + 'BRAWLERS OFICIAL'!AR18)/1.5) ) -> 0 | AS18: =IF( 0 = (1-1), (1-1), ((0 + 'BRAWLERS OFICIAL'!AS18)/1.5) ) -> 0 | AT18: =IF( 0 = (1-1), (1-1), ((0 + 'BRAWLERS OFICIAL'!AT18)/2) ) -> 0 | AU18: =((0 + 'BRAWLERS OFICIAL'!AU18)-'BRAWLERS OFICIAL'!AU18)/($BQ18/5) -> 0 | AV18: =(((0)/4 + 'BRAWLERS OFICIAL'!AV18)-'BRAWLERS OFICIAL'!AV18) -> 0 | AW18: 0 | AX18: none | AY18: =((( 0 )/3 + 'BRAWLERS OFICIAL'!AY18)-'BRAWLERS OFICIAL'!AY18) -> 0 | AZ18: =((( 0 )/2 + 'BRAWLERS OFICIAL'!AZ18)-'BRAWLERS OFICIAL'!AZ18)/($BQ18/5) -> 0 | BA18: =((( 0 )/2 + 'BRAWLERS OFICIAL'!BA18)-'BRAWLERS OFICIAL'!BA18) -> 0 | BB18: =((( 0 )/3 + 'BRAWLERS OFICIAL'!BB18)-'BRAWLERS OFICIAL'!BB18) -> 0 | BC18: =((( 0 )/2 + 'BRAWLERS OFICIAL'!BC18)-'BRAWLERS OFICIAL'!BC18)/($BQ18/5) -> 0 | BD18: =((( 0 )/3 + 'BRAWLERS OFICIAL'!BD18)-'BRAWLERS OFICIAL'!BD18) -> 0 | BE18: =((( 0 )/3 + 'BRAWLERS OFICIAL'!BE18)-'BRAWLERS OFICIAL'!BE18) -> 0 | BF18: =((0 + 'BRAWLERS OFICIAL'!BF18)-'BRAWLERS OFICIAL'!BF18)/($BQ18/5) -> 0 | BG18: =((0 + 'BRAWLERS OFICIAL'!BG18)-'BRAWLERS OFICIAL'!BG18)/($BQ18/5) -> 0 | BH18: =((( 0 )/2 + 'BRAWLERS OFICIAL'!BH18)-'BRAWLERS OFICIAL'!BH18) -> 0 | BI18: =((0 + 'BRAWLERS OFICIAL'!BI18)-'BRAWLERS OFICIAL'!BI18)/($BQ18/5) -> 0 | BJ18: =((( 0 )/2 + 'BRAWLERS OFICIAL'!BJ18)-'BRAWLERS OFICIAL'!BJ18) -> 0 | BK18: =((( 7.5 + 5 + 10 )/3)-'BRAWLERS OFICIAL'!BK18) -> 0.83333333 | BL18: =((( 0 )/2 + 'BRAWLERS OFICIAL'!BL18)-'BRAWLERS OFICIAL'!BL18) -> 0 | BM18: =((0 + 'BRAWLERS OFICIAL'!BM18)-'BRAWLERS OFICIAL'!BM18)/($BQ18/5) -> 0 | BN18: =((0 + 'BRAWLERS OFICIAL'!BN18)-'BRAWLERS OFICIAL'!BN18)/($BQ18/5) -> 0 | BO18: =((0 + 'BRAWLERS OFICIAL'!BO18)-'BRAWLERS OFICIAL'!BO18)/($BQ18/5) -> 0 | BQ18: 14
B19: GOTTA GO | C19: EVE | D19: easy_approach | E19: stun_debuffing | F19: =((0 + 'BRAWLERS OFICIAL'!F19)-'BRAWLERS OFICIAL'!F19)/($BQ19/5) -> 0 | G19: =((0 + 'BRAWLERS OFICIAL'!G19)-'BRAWLERS OFICIAL'!G19)/($BQ19/5) -> 0 | H19: =((0 + 'BRAWLERS OFICIAL'!H19)-'BRAWLERS OFICIAL'!H19)/($BQ19/5) -> 0 | I19: =((0 + 'BRAWLERS OFICIAL'!I19)-'BRAWLERS OFICIAL'!I19)/($BQ19/5) -> 0 | J19: =((0.4 + 'BRAWLERS OFICIAL'!J19)-'BRAWLERS OFICIAL'!J19)/($BQ19/5) -> 0.11764706 | K19: =((0.4 + 'BRAWLERS OFICIAL'!K19)-'BRAWLERS OFICIAL'!K19)/($BQ19/5) -> 0.11764706 | L19: =((0 + 'BRAWLERS OFICIAL'!L19)-'BRAWLERS OFICIAL'!L19)/($BQ19/5) -> 0 | M19: =((0 + 'BRAWLERS OFICIAL'!M19)-'BRAWLERS OFICIAL'!M19)/($BQ19/5) -> 0 | N19: =((0 + 'BRAWLERS OFICIAL'!N19)-'BRAWLERS OFICIAL'!N19)/($BQ19/5) -> 0 | O19: =((0 + 'BRAWLERS OFICIAL'!O19)-'BRAWLERS OFICIAL'!O19)/($BQ19/5) -> 0 | P19: =((0 + 'BRAWLERS OFICIAL'!P19)-'BRAWLERS OFICIAL'!P19)/($BQ19/5) -> 0 | Q19: =((0 + 'BRAWLERS OFICIAL'!Q19)-'BRAWLERS OFICIAL'!Q19)/($BQ19/5) -> 0 | R19: =((0 + 'BRAWLERS OFICIAL'!R19)-'BRAWLERS OFICIAL'!R19)/($BQ19/5) -> 0 | S19: =((0 + 'BRAWLERS OFICIAL'!S19)-'BRAWLERS OFICIAL'!S19)/($BQ19/5) -> 0 | ... V19: =((0 + 'BRAWLERS OFICIAL'!V19)-'BRAWLERS OFICIAL'!V19)/($BQ19/5) -> 0 | W19: =(0 + 'BRAWLERS OFICIAL'!W19)-'BRAWLERS OFICIAL'!W19 -> 0 | X19: =(( 0 + 'BRAWLERS OFICIAL'!X19 + AP19 + AY19/3.5 )-'BRAWLERS OFICIAL'!X19)/($BQ19/5) -> 0 | Y19: =((0 + 'BRAWLERS OFICIAL'!Y19)-'BRAWLERS OFICIAL'!Y19)/($BQ19/5) -> 0 | Z19: =(((6.5 + 2 + 6)/3 + 'BRAWLERS OFICIAL'!Z19)-'BRAWLERS OFICIAL'!Z19) -> 4.8333333 | AA19: =((0 + 'BRAWLERS OFICIAL'!AA19)-'BRAWLERS OFICIAL'!AA19)/($BQ19/5) -> 0 | AB19: =((0 + 'BRAWLERS OFICIAL'!AB19)-'BRAWLERS OFICIAL'!AB19)/($BQ19/5) -> 0 | AC19: =(((0)/4 + 'BRAWLERS OFICIAL'!AC19)-'BRAWLERS OFICIAL'!AC19)/($BQ19/5) -> 0 | AD19: =((0 + 'BRAWLERS OFICIAL'!AD19)-'BRAWLERS OFICIAL'!AD19)/($BQ19/5) -> 0 | AE19: =((0 + 'BRAWLERS OFICIAL'!AE19)-'BRAWLERS OFICIAL'!AE19)/($BQ19/5) -> 0 | AF19: =((0 + 'BRAWLERS OFICIAL'!AF19)-'BRAWLERS OFICIAL'!AF19)/($BQ19/5) -> 0 | AG19: =((0 + 'BRAWLERS OFICIAL'!AG19)-'BRAWLERS OFICIAL'!AG19) -> 0 | AH19: =((0 + 'BRAWLERS OFICIAL'!AH19)-'BRAWLERS OFICIAL'!AH19) -> 0 | AI19: =((0 + 'BRAWLERS OFICIAL'!AI19)-'BRAWLERS OFICIAL'!AI19) -> 0 | AJ19: =((0 + 'BRAWLERS OFICIAL'!AJ19)-'BRAWLERS OFICIAL'!AJ19)/($BQ19/5) -> 0 | AK19: =((1 + 'BRAWLERS OFICIAL'!AK19)-'BRAWLERS OFICIAL'!AK19)/($BQ19/5) -> 0.29411765 | AL19: =(((BK19/5+1)*AK19 + 'BRAWLERS OFICIAL'!AL19)-'BRAWLERS OFICIAL'!AL19)/($BQ19/5) -> 0.08650519 | AM19: =IF( 5 = (1-1), (1-1), ((5 + 'BRAWLERS OFICIAL'!AM19)/1.5)-'BRAWLERS OFICIAL'!AM19 ) -> 0.66666667 | AN19: =IF( 1 = (1-1), (1-1)*'BRAWLERS OFICIAL'!AN19, ( 1 ) ) -> 1 | AO19: =((1 + 'BRAWLERS OFICIAL'!AO19)-'BRAWLERS OFICIAL'!AO19)/($BQ19/5) -> 0.29411765 | AP19: =((0/1000 + 'BRAWLERS OFICIAL'!AP19)-'BRAWLERS OFICIAL'!AP19) -> 0 | AQ19: =((0 + 'BRAWLERS OFICIAL'!AQ19)-'BRAWLERS OFICIAL'!AQ19) -> 0 | AR19: =IF( 0 = (1-1), (1-1), ((0 + 'BRAWLERS OFICIAL'!AR19)/1.5) ) -> 0 | AS19: =IF( 0 = (1-1), (1-1), ((0 + 'BRAWLERS OFICIAL'!AS19)/1.5) ) -> 0 | AT19: =IF( 0 = (1-1), (1-1), ((0 + 'BRAWLERS OFICIAL'!AT19)/2) ) -> 0 | AU19: =((0 + 'BRAWLERS OFICIAL'!AU19)-'BRAWLERS OFICIAL'!AU19)/($BQ19/5) -> 0 | AV19: =(((3 + 5 + 5 + 8)/4)-'BRAWLERS OFICIAL'!AV19) -> 0.25 | AW19: 0 | AX19: none | AY19: =((( 0 )/3 + 'BRAWLERS OFICIAL'!AY19)-'BRAWLERS OFICIAL'!AY19) -> 0 | AZ19: =((( 0 )/2 + 'BRAWLERS OFICIAL'!AZ19)-'BRAWLERS OFICIAL'!AZ19)/($BQ19/5) -> 0 | BA19: =((( 0 )/2 + 'BRAWLERS OFICIAL'!BA19)-'BRAWLERS OFICIAL'!BA19) -> 0 | BB19: =((( 0 )/3 + 'BRAWLERS OFICIAL'!BB19)-'BRAWLERS OFICIAL'!BB19) -> 0 | BC19: =((( 0 )/2 + 'BRAWLERS OFICIAL'!BC19)-'BRAWLERS OFICIAL'!BC19)/($BQ19/5) -> 0 | BD19: =((( 0 )/3 + 'BRAWLERS OFICIAL'!BD19)-'BRAWLERS OFICIAL'!BD19) -> 0 | BE19: =((( 0 )/3 + 'BRAWLERS OFICIAL'!BE19)-'BRAWLERS OFICIAL'!BE19) -> 0 | BF19: =((0 + 'BRAWLERS OFICIAL'!BF19)-'BRAWLERS OFICIAL'!BF19)/($BQ19/5) -> 0 | BG19: =((0 + 'BRAWLERS OFICIAL'!BG19)-'BRAWLERS OFICIAL'!BG19)/($BQ19/5) -> 0 | BH19: =((( 0 )/2 + 'BRAWLERS OFICIAL'!BH19)-'BRAWLERS OFICIAL'!BH19) -> 0 | BI19: =((0 + 'BRAWLERS OFICIAL'!BI19)-'BRAWLERS OFICIAL'!BI19)/($BQ19/5) -> 0 | BJ19: =((( 0 )/2 + 'BRAWLERS OFICIAL'!BJ19)-'BRAWLERS OFICIAL'!BJ19) -> 0 | BK19: =((( 0 )/3 + 'BRAWLERS OFICIAL'!BK19)-'BRAWLERS OFICIAL'!BK19) -> 0 | BL19: =((( 0 )/2 + 'BRAWLERS OFICIAL'!BL19)-'BRAWLERS OFICIAL'!BL19) -> 0 | BM19: =((0 + 'BRAWLERS OFICIAL'!BM19)-'BRAWLERS OFICIAL'!BM19)/($BQ19/5) -> 0 | BN19: =((0 + 'BRAWLERS OFICIAL'!BN19)-'BRAWLERS OFICIAL'!BN19)/($BQ19/5) -> 0 | BO19: =((0 + 'BRAWLERS OFICIAL'!BO19)-'BRAWLERS OFICIAL'!BO19)/($BQ19/5) -> 0 | BQ19: 17
B20: PHASE SHIFTER | C20: MAX | D20: stun_debuffing | E20: _average_projectiles_per_shot | F20: =((0 + 'BRAWLERS OFICIAL'!F20)-'BRAWLERS OFICIAL'!F20)/($BQ20/5) -> 0 | G20: =((0 + 'BRAWLERS OFICIAL'!G20)-'BRAWLERS OFICIAL'!G20)/($BQ20/5) -> 0 | H20: =((0 + 'BRAWLERS OFICIAL'!H20)-'BRAWLERS OFICIAL'!H20)/($BQ20/5) -> 0 | I20: =((0 + 'BRAWLERS OFICIAL'!I20)-'BRAWLERS OFICIAL'!I20)/($BQ20/5) -> 0 | J20: =((0 + 'BRAWLERS OFICIAL'!J20)-'BRAWLERS OFICIAL'!J20)/($BQ20/5) -> 0 | K20: =((0 + 'BRAWLERS OFICIAL'!K20)-'BRAWLERS OFICIAL'!K20)/($BQ20/5) -> 0 | L20: =((0 + 'BRAWLERS OFICIAL'!L20)-'BRAWLERS OFICIAL'!L20)/($BQ20/5) -> 0 | M20: =((0 + 'BRAWLERS OFICIAL'!M20)-'BRAWLERS OFICIAL'!M20)/($BQ20/5) -> 0 | ... V20: =((0 + 'BRAWLERS OFICIAL'!V20)-'BRAWLERS OFICIAL'!V20)/($BQ20/5) -> 0 | W20: =(0 + 'BRAWLERS OFICIAL'!W20)-'BRAWLERS OFICIAL'!W20 -> 0 | X20: =(( 3000/1400 + 'BRAWLERS OFICIAL'!X20 + AP20 + AY20/3.5 )-'BRAWLERS OFICIAL'!X20)/($BQ20/5) -> 0.71428571 | Y20: =((0 + 'BRAWLERS OFICIAL'!Y20)-'BRAWLERS OFICIAL'!Y20)/($BQ20/5) -> 0 | Z20: =(((8.5 + 4 + 7)/3)-'BRAWLERS OFICIAL'!Z20) -> 0.83333333 | AA20: =((0 + 'BRAWLERS OFICIAL'!AA20)-'BRAWLERS OFICIAL'!AA20)/($BQ20/5) -> 0 | AB20: =((0 + 'BRAWLERS OFICIAL'!AB20)-'BRAWLERS OFICIAL'!AB20)/($BQ20/5) -> 0 | AC20: =(((0)/4 + 'BRAWLERS OFICIAL'!AC20)-'BRAWLERS OFICIAL'!AC20)/($BQ20/5) -> 0 | AD20: =((0 + 'BRAWLERS OFICIAL'!AD20)-'BRAWLERS OFICIAL'!AD20)/($BQ20/5) -> 0 | AE20: =((0 + 'BRAWLERS OFICIAL'!AE20)-'BRAWLERS OFICIAL'!AE20)/($BQ20/5) -> 0 | AF20: =((0 + 'BRAWLERS OFICIAL'!AF20)-'BRAWLERS OFICIAL'!AF20)/($BQ20/5) -> 0 | AG20: =((0 + 'BRAWLERS OFICIAL'!AG20)-'BRAWLERS OFICIAL'!AG20) -> 0 | AH20: =((0 + 'BRAWLERS OFICIAL'!AH20)-'BRAWLERS OFICIAL'!AH20) -> 0 | AI20: =((0 + 'BRAWLERS OFICIAL'!AI20)-'BRAWLERS OFICIAL'!AI20) -> 0 | AJ20: =((0 + 'BRAWLERS OFICIAL'!AJ20)-'BRAWLERS OFICIAL'!AJ20)/($BQ20/5) -> 0 | AK20: =((3 + 'BRAWLERS OFICIAL'!AK20)-'BRAWLERS OFICIAL'!AK20)/($BQ20/5) -> 1 | AL20: =(((BK20/5+1)*AK20 + 'BRAWLERS OFICIAL'!AL20)-'BRAWLERS OFICIAL'!AL20)/($BQ20/5) -> 0.33333333 | AM20: =IF( 0 = (1-1), (1-1), ((0 + 'BRAWLERS OFICIAL'!AM20)/1.5)-'BRAWLERS OFICIAL'!AM20 ) -> 0 | AN20: =IF( 0 = (1-1), (1-1), ( 0 ) ) -> 0 | AO20: =((0 + 'BRAWLERS OFICIAL'!AO20)-'BRAWLERS OFICIAL'!AO20)/($BQ20/5) -> 0 | AP20: =((0/1000 + 'BRAWLERS OFICIAL'!AP20)-'BRAWLERS OFICIAL'!AP20) -> 0 | AQ20: =((0 + 'BRAWLERS OFICIAL'!AQ20)-'BRAWLERS OFICIAL'!AQ20) -> 0 | AR20: =IF( 0 = (1-1), (1-1), ((0 + 'BRAWLERS OFICIAL'!AR20)/1.5) ) -> 0 | AS20: =IF( 0 = (1-1), (1-1), ((0 + 'BRAWLERS OFICIAL'!AS20)/1.5) ) -> 0 | AT20: =IF( 0 = (1-1), (1-1), ((0 + 'BRAWLERS OFICIAL'!AT20)/2) ) -> 0 | AU20: =((0 + 'BRAWLERS OFICIAL'!AU20)-'BRAWLERS OFICIAL'!AU20)/($BQ20/5) -> 0 | AV20: =(((0)/4 + 'BRAWLERS OFICIAL'!AV20)-'BRAWLERS OFICIAL'!AV20) -> 0 | AW20: 0 | AX20: none | AY20: =((( 0 )/3 + 'BRAWLERS OFICIAL'!AY20)-'BRAWLERS OFICIAL'!AY20) -> 0 | AZ20: =((( 0 )/2 + 'BRAWLERS OFICIAL'!AZ20)-'BRAWLERS OFICIAL'!AZ20)/($BQ20/5) -> 0 | BA20: =((( 0 )/2 + 'BRAWLERS OFICIAL'!BA20)-'BRAWLERS OFICIAL'!BA20) -> 0 | BB20: =((( 0 )/3 + 'BRAWLERS OFICIAL'!BB20)-'BRAWLERS OFICIAL'!BB20) -> 0 | BC20: =((( 0 )/2 + 'BRAWLERS OFICIAL'!BC20)-'BRAWLERS OFICIAL'!BC20)/($BQ20/5) -> 0 | BD20: =((( 0 )/3 + 'BRAWLERS OFICIAL'!BD20)-'BRAWLERS OFICIAL'!BD20) -> 0 | BE20: =((( 0 )/3 + 'BRAWLERS OFICIAL'!BE20)-'BRAWLERS OFICIAL'!BE20) -> 0 | BF20: =((0 + 'BRAWLERS OFICIAL'!BF20)-'BRAWLERS OFICIAL'!BF20)/($BQ20/5) -> 0 | BG20: =((0 + 'BRAWLERS OFICIAL'!BG20)-'BRAWLERS OFICIAL'!BG20)/($BQ20/5) -> 0 | BH20: =((( 0 )/2 + 'BRAWLERS OFICIAL'!BH20)-'BRAWLERS OFICIAL'!BH20) -> 0 | BI20: =((0 + 'BRAWLERS OFICIAL'!BI20)-'BRAWLERS OFICIAL'!BI20)/($BQ20/5) -> 0 | BJ20: =((( 0 )/2 + 'BRAWLERS OFICIAL'!BJ20)-'BRAWLERS OFICIAL'!BJ20) -> 0 | BK20: =((( 0 )/3 + 'BRAWLERS OFICIAL'!BK20)-'BRAWLERS OFICIAL'!BK20) -> 0 | BL20: =((( 0 )/2 + 'BRAWLERS OFICIAL'!BL20)-'BRAWLERS OFICIAL'!BL20) -> 0 | BM20: =((0 + 'BRAWLERS OFICIAL'!BM20)-'BRAWLERS OFICIAL'!BM20)/($BQ20/5) -> 0 | BN20: =((0 + 'BRAWLERS OFICIAL'!BN20)-'BRAWLERS OFICIAL'!BN20)/($BQ20/5) -> 0 | BO20: =((0 + 'BRAWLERS OFICIAL'!BO20)-'BRAWLERS OFICIAL'!BO20)/($BQ20/5) -> 0 | BQ20: 15
C21: -
B22: FREQUENCIA: | C22: : 1p/5s

Sheet SEGUNDO ACESSÓRIO
Z1: freq-based | AG1: freq-based | AH1: freq-based | AI1: freq-based | AM1: freq-based | AN1: freq-based | AP1: freq-based | AQ1: freq-based | AR1: freq-based | AS1: freq-based | AT1: freq-based | AV1: freq-based
B2: additional_power_name | C2: name | D2: main_specific_weakness | E2: specific_weakness | F2: _necessary_projectiles_to_charge_super | G2: _necessary_supers_to_charge_hipercharge | H2: _projectile_damage | I2: _shots_per_five_seconds | J2: _average_projectiles_per_shot | K2: _projectiles_per_shot_in_short_range | L2: _projectiles_per_shot_in_medium_range | M2: _projectiles_per_shot_in_long_range | N2: _projectiles_per_shot_in_very_long_range | O2: _shotting_time | P2: _auto_charge_super | Q2: super_damage_in_short_range | R2: super_damage_in_medium_range | S2: super_damage_in_long_range | T2: super_damage_in_very_long_range | U2: average_super_damage | V2: _super_time | W2: ocasional_damage | X2: _durability | Y2: _attack_distance | Z2: retreat_button | AA2: wide_attack | AB2: _indirect_damage_efficiency | AC2: area_denial | AD2: enemy_position_manipulation | AE2: water_walking | AF2: counter_water_walking | AG2: wall_break_efficiency | AH2: grass_break_efficiency | AI2: cover_creation_efficiency | AJ2: _movement_speed | AK2: _surprise_attack_power | AL2: _surprise_attack | AM2: _frequency_of_pets_generation | AN2: _accumulation_of_pets | AO2: _deteriorability_of_pets | AP2: _pets_resistence | AQ2: _pets_damage | AR2: _pets_range | AS2: _pets_speed | AT2: _pets_proximity | AU2: _increased_damage_when_grouped | AV2: grass_vision | AW2: circumstantiality_of_overall_proficiency | AX2: explanation_for_circumstantiality | AY2: heal_buffing | AZ2: counter_heal_buffing | BA2: shield_buffing | BB2: damage_buffing | BC2: counter_damage_buffing | BD2: speed_buffing | BE2: invisibility_buffing | BF2: positioning_buffing | BG2: poison_debuffing | BH2: counter_poison_debuffing | BI2: stun_debuffing | BJ2: counter_stun_debuffing | BK2: slowness_debuffing | BL2: counter_slowness_debuffing | BM2: attacks_canceling | BN2: counter_attacks_canceling | BO2: block_enemies | BQ2: RECARGA-DO-ACESSÓRIO
B3: RETURN TO SENDER | C3: NANI | D3: _average_projectiles_per_shot | E3: shield_buffing | F3: =((0 + 'BRAWLERS OFICIAL'!F3)-'BRAWLERS OFICIAL'!F3)/($BQ3/5) -> 0 | G3: =((0 + 'BRAWLERS OFICIAL'!G3)-'BRAWLERS OFICIAL'!G3)/($BQ3/5) -> 0 | H3: =((0 + 'BRAWLERS OFICIAL'!H3)-'BRAWLERS OFICIAL'!H3)/($BQ3/5) -> 0 | I3: =((0 + 'BRAWLERS OFICIAL'!I3)-'BRAWLERS OFICIAL'!I3)/($BQ3/5) -> 0 | J3: =((0 + 'BRAWLERS OFICIAL'!J3)-'BRAWLERS OFICIAL'!J3)/($BQ3/5) -> 0 | K3: =((0 + 'BRAWLERS OFICIAL'!K3)-'BRAWLERS OFICIAL'!K3)/($BQ3/5) -> 0 | L3: =((0 + 'BRAWLERS OFICIAL'!L3)-'BRAWLERS OFICIAL'!L3)/($BQ3/5) -> 0 | M3: =((0 + 'BRAWLERS OFICIAL'!M3)-'BRAWLERS OFICIAL'!M3)/($BQ3/5) -> 0 | ... V3: =((0 + 'BRAWLERS OFICIAL'!V3)-'BRAWLERS OFICIAL'!V3)/($BQ3/5) -> 0 | W3: =(AVERAGE(200, 3500))-'BRAWLERS OFICIAL'!W3 -> 1850 | X3: =(( W3/1400 + 'BRAWLERS OFICIAL'!X3 + AP3 + AY3/3.5 )-'BRAWLERS OFICIAL'!X3)/($BQ3/5) -> 0.38865546 | Y3: =((0 + 'BRAWLERS OFICIAL'!Y3)-'BRAWLERS OFICIAL'!Y3)/($BQ3/5) -> 0 | Z3: =(((0)/3 + 'BRAWLERS OFICIAL'!Z3)-'BRAWLERS OFICIAL'!Z3) -> 0 | AA3: =((0 + 'BRAWLERS OFICIAL'!AA3)-'BRAWLERS OFICIAL'!AA3)/($BQ3/5) -> 0 | AB3: =((0 + 'BRAWLERS OFICIAL'!AB3)-'BRAWLERS OFICIAL'!AB3)/($BQ3/5) -> 0 | AC3: =(((0)/4 + 'BRAWLERS OFICIAL'!AC3)-'BRAWLERS OFICIAL'!AC3)/($BQ3/5) -> 0 | AD3: =((0 + 'BRAWLERS OFICIAL'!AD3)-'BRAWLERS OFICIAL'!AD3)/($BQ3/5) -> 0 | AE3: =((0 + 'BRAWLERS OFICIAL'!AE3)-'BRAWLERS OFICIAL'!AE3)/($BQ3/5) -> 0 | AF3: =((0 + 'BRAWLERS OFICIAL'!AF3)-'BRAWLERS OFICIAL'!AF3)/($BQ3/5) -> 0 | AG3: =((0 + 'BRAWLERS OFICIAL'!AG3)-'BRAWLERS OFICIAL'!AG3) -> 0 | AH3: =((0 + 'BRAWLERS OFICIAL'!AH3)-'BRAWLERS OFICIAL'!AH3) -> 0 | AI3: =((0 + 'BRAWLERS OFICIAL'!AI3)-'BRAWLERS OFICIAL'!AI3) -> 0 | AJ3: =((0 + 'BRAWLERS OFICIAL'!AJ3)-'BRAWLERS OFICIAL'!AJ3)/($BQ3/5) -> 0 | AK3: =((0 + 'BRAWLERS OFICIAL'!AK3)-'BRAWLERS OFICIAL'!AK3)/($BQ3/5) -> 0 | AL3: =(((BK3/5+1)*AK3 + 'BRAWLERS OFICIAL'!AL3)-'BRAWLERS OFICIAL'!AL3)/($BQ3/5) -> 0 | AM3: =IF( 0 = (1-1), (1-1), ((0 + 'BRAWLERS OFICIAL'!AM3)/1.5)-'BRAWLERS OFICIAL'!AM3 ) -> 0 | AN3: =IF( 0 = (1-1), (1-1), ( 0 ) ) -> 0 | AO3: =((0 + 'BRAWLERS OFICIAL'!AO3)-'BRAWLERS OFICIAL'!AO3)/($BQ3/5) -> 0 | AP3: =((0/1000 + 'BRAWLERS OFICIAL'!AP3)-'BRAWLERS OFICIAL'!AP3) -> 0 | AQ3: =((0 + 'BRAWLERS OFICIAL'!AQ3)-'BRAWLERS OFICIAL'!AQ3) -> 0 | AR3: =IF( 0 = (1-1), (1-1), ((0 + 'BRAWLERS OFICIAL'!AR3)/1.5) ) -> 0 | AS3: =IF( 0 = (1-1), (1-1), ((0 + 'BRAWLERS OFICIAL'!AS3)/1.5) ) -> 0 | AT3: =IF( 0 = (1-1), (1-1), ((0 + 'BRAWLERS OFICIAL'!AT3)/2) ) -> 0 | AU3: =((0 + 'BRAWLERS OFICIAL'!AU3)-'BRAWLERS OFICIAL'!AU3)/($BQ3/5) -> 0 | AV3: =(((0)/4 + 'BRAWLERS OFICIAL'!AV3)-'BRAWLERS OFICIAL'!AV3) -> 0 | AW3: 5 | AX3: This gadget improves the brawler's overall survivability and damage output. However, this ability becomes much less efficient, almost useless, if many enemies deal damage in multiple projectiles, just as it becomes more efficient if many enemies deal massive damage with single projectiles. | AY3: =((( 0 )/3 + 'BRAWLERS OFICIAL'!AY3)-'BRAWLERS OFICIAL'!AY3) -> 0 | AZ3: =((( 0 )/2 + 'BRAWLERS OFICIAL'!AZ3)-'BRAWLERS OFICIAL'!AZ3)/($BQ3/5) -> 0 | BA3: =((( 0 )/2 + 'BRAWLERS OFICIAL'!BA3)-'BRAWLERS OFICIAL'!BA3) -> 0 | BB3: =((( 0 )/3 + 'BRAWLERS OFICIAL'!BB3)-'BRAWLERS OFICIAL'!BB3) -> 0 | BC3: =((( 0 )/2 + 'BRAWLERS OFICIAL'!BC3)-'BRAWLERS OFICIAL'!BC3)/($BQ3/5) -> 0 | BD3: =((( 0 )/3 + 'BRAWLERS OFICIAL'!BD3)-'BRAWLERS OFICIAL'!BD3) -> 0 | BE3: =((( 0 )/3 + 'BRAWLERS OFICIAL'!BE3)-'BRAWLERS OFICIAL'!BE3) -> 0 | BF3: =((0 + 'BRAWLERS OFICIAL'!BF3)-'BRAWLERS OFICIAL'!BF3)/($BQ3/5) -> 0 | BG3: =((0 + 'BRAWLERS OFICIAL'!BG3)-'BRAWLERS OFICIAL'!BG3)/($BQ3/5) -> 0 | BH3: =((( 0 )/2 + 'BRAWLERS OFICIAL'!BH3)-'BRAWLERS OFICIAL'!BH3) -> 0 | BI3: =((0 + 'BRAWLERS OFICIAL'!BI3)-'BRAWLERS OFICIAL'!BI3)/($BQ3/5) -> 0 | BJ3: =((( 0 )/2 + 'BRAWLERS OFICIAL'!BJ3)-'BRAWLERS OFICIAL'!BJ3) -> 0 | BK3: =((( 0 )/3 + 'BRAWLERS OFICIAL'!BK3)-'BRAWLERS OFICIAL'!BK3) -> 0 | BL3: =((( 0 )/2 + 'BRAWLERS OFICIAL'!BL3)-'BRAWLERS OFICIAL'!BL3) -> 0 | BM3: =((0 + 'BRAWLERS OFICIAL'!BM3)-'BRAWLERS OFICIAL'!BM3)/($BQ3/5) -> 0 | BN3: =((0 + 'BRAWLERS OFICIAL'!BN3)-'BRAWLERS OFICIAL'!BN3)/($BQ3/5) -> 0 | BO3: =((0 + 'BRAWLERS OFICIAL'!BO3)-'BRAWLERS OFICIAL'!BO3)/($BQ3/5) -> 0 | BQ3: 17
B4: MASTER FLETCHER | C4: ANGELO | D4: easy_approach | E4: pressure | F4: =((0 + 'BRAWLERS OFICIAL'!F4)-'BRAWLERS OFICIAL'!F4)/($BQ4/5) -> 0 | G4: =((0 + 'BRAWLERS OFICIAL'!G4)-'BRAWLERS OFICIAL'!G4)/($BQ4/5) -> 0 | H4: =((0 + 'BRAWLERS OFICIAL'!H4)-'BRAWLERS OFICIAL'!H4)/($BQ4/5) -> 0 | I4: =((0 + 'BRAWLERS OFICIAL'!I4)-'BRAWLERS OFICIAL'!I4)/($BQ4/5) -> 0 | J4: =((0 + 'BRAWLERS OFICIAL'!J4)-'BRAWLERS OFICIAL'!J4)/($BQ4/5) -> 0 | K4: =((0 + 'BRAWLERS OFICIAL'!K4)-'BRAWLERS OFICIAL'!K4)/($BQ4/5) -> 0 | L4: =((0 + 'BRAWLERS OFICIAL'!L4)-'BRAWLERS OFICIAL'!L4)/($BQ4/5) -> 0 | M4: =((0 + 'BRAWLERS OFICIAL'!M4)-'BRAWLERS OFICIAL'!M4)/($BQ4/5) -> 0 | ... V4: =((0 + 'BRAWLERS OFICIAL'!V4)-'BRAWLERS OFICIAL'!V4)/($BQ4/5) -> 0 | W4: =(0 + 'BRAWLERS OFICIAL'!W4)-'BRAWLERS OFICIAL'!W4 -> 0 | X4: =(( 0 + 'BRAWLERS OFICIAL'!X4 + AP4 + AY4/3.5 )-'BRAWLERS OFICIAL'!X4)/($BQ4/5) -> 0 | Y4: =((0 + 'BRAWLERS OFICIAL'!Y4)-'BRAWLERS OFICIAL'!Y4)/($BQ4/5) -> 0 | Z4: =(((0)/3 + 'BRAWLERS OFICIAL'!Z4)-'BRAWLERS OFICIAL'!Z4) -> 0 | AA4: =((1 + 'BRAWLERS OFICIAL'!AA4)-'BRAWLERS OFICIAL'!AA4)/($BQ4/5) -> 0.27777778 | AB4: =((2.5 + 'BRAWLERS OFICIAL'!AB4)-'BRAWLERS OFICIAL'!AB4)/($BQ4/5) -> 0.69444444 | AC4: =(((0)/4 + 'BRAWLERS OFICIAL'!AC4)-'BRAWLERS OFICIAL'!AC4)/($BQ4/5) -> 0 | AD4: =((0 + 'BRAWLERS OFICIAL'!AD4)-'BRAWLERS OFICIAL'!AD4)/($BQ4/5) -> 0 | AE4: =((0 + 'BRAWLERS OFICIAL'!AE4)-'BRAWLERS OFICIAL'!AE4)/($BQ4/5) -> 0 | AF4: =((0 + 'BRAWLERS OFICIAL'!AF4)-'BRAWLERS OFICIAL'!AF4)/($BQ4/5) -> 0 | AG4: =((0 + 'BRAWLERS OFICIAL'!AG4)-'BRAWLERS OFICIAL'!AG4) -> 0 | AH4: =((0 + 'BRAWLERS OFICIAL'!AH4)-'BRAWLERS OFICIAL'!AH4) -> 0 | AI4: =((0 + 'BRAWLERS OFICIAL'!AI4)-'BRAWLERS OFICIAL'!AI4) -> 0 | AJ4: =((0 + 'BRAWLERS OFICIAL'!AJ4)-'BRAWLERS OFICIAL'!AJ4)/($BQ4/5) -> 0 | AK4: =((0 + 'BRAWLERS OFICIAL'!AK4)-'BRAWLERS OFICIAL'!AK4)/($BQ4/5) -> 0 | AL4: =(((BK4/5+1)*AK4 + 'BRAWLERS OFICIAL'!AL4)-'BRAWLERS OFICIAL'!AL4)/($BQ4/5) -> 0 | AM4: =IF( 0 = (1-1), (1-1), ((0 + 'BRAWLERS OFICIAL'!AM4)/1.5)-'BRAWLERS OFICIAL'!AM4 ) -> 0 | AN4: =IF( 0 = (1-1), (1-1), ( 0 ) ) -> 0 | AO4: =((0 + 'BRAWLERS OFICIAL'!AO4)-'BRAWLERS OFICIAL'!AO4)/($BQ4/5) -> 0 | AP4: =((0/1000 + 'BRAWLERS OFICIAL'!AP4)-'BRAWLERS OFICIAL'!AP4) -> 0 | AQ4: =((0 + 'BRAWLERS OFICIAL'!AQ4)-'BRAWLERS OFICIAL'!AQ4) -> 0 | AR4: =IF( 0 = (1-1), (1-1), ((0 + 'BRAWLERS OFICIAL'!AR4)/1.5) ) -> 0 | AS4: =IF( 0 = (1-1), (1-1), ((0 + 'BRAWLERS OFICIAL'!AS4)/1.5) ) -> 0 | AT4: =IF( 0 = (1-1), (1-1), ((0 + 'BRAWLERS OFICIAL'!AT4)/2) ) -> 0 | AU4: =((0 + 'BRAWLERS OFICIAL'!AU4)-'BRAWLERS OFICIAL'!AU4)/($BQ4/5) -> 0 | AV4: =(((0)/4 + 'BRAWLERS OFICIAL'!AV4)-'BRAWLERS OFICIAL'!AV4) -> 0 | AW4: 0 | AX4: none | AY4: =((( 0 )/3 + 'BRAWLERS OFICIAL'!AY4)-'BRAWLERS OFICIAL'!AY4) -> 0 | AZ4: =((( 0 )/2 + 'BRAWLERS OFICIAL'!AZ4)-'BRAWLERS OFICIAL'!AZ4)/($BQ4/5) -> 0 | BA4: =((( 0 )/2 + 'BRAWLERS OFICIAL'!BA4)-'BRAWLERS OFICIAL'!BA4) -> 0 | BB4: =((( 0 )/3 + 'BRAWLERS OFICIAL'!BB4)-'BRAWLERS OFICIAL'!BB4) -> 0 | BC4: =((( 0 )/2 + 'BRAWLERS OFICIAL'!BC4)-'BRAWLERS OFICIAL'!BC4)/($BQ4/5) -> 0 | BD4: =((( 0 )/3 + 'BRAWLERS OFICIAL'!BD4)-'BRAWLERS OFICIAL'!BD4) -> 0 | BE4: =((( 0 )/3 + 'BRAWLERS OFICIAL'!BE4)-'BRAWLERS OFICIAL'!BE4) -> 0 | BF4: =((0 + 'BRAWLERS OFICIAL'!BF4)-'BRAWLERS OFICIAL'!BF4)/($BQ4/5) -> 0 | BG4: =((0 + 'BRAWLERS OFICIAL'!BG4)-'BRAWLERS OFICIAL'!BG4)/($BQ4/5) -> 0 | BH4: =((( 0 )/2 + 'BRAWLERS OFICIAL'!BH4)-'BRAWLERS OFICIAL'!BH4) -> 0 | BI4: =((0 + 'BRAWLERS OFICIAL'!BI4)-'BRAWLERS OFICIAL'!BI4)/($BQ4/5) -> 0 | BJ4: =((( 0 )/2 + 'BRAWLERS OFICIAL'!BJ4)-'BRAWLERS OFICIAL'!BJ4) -> 0 | BK4: =((( 0 )/3 + 'BRAWLERS OFICIAL'!BK4)-'BRAWLERS OFICIAL'!BK4) -> 0 | BL4: =((( 0 )/2 + 'BRAWLERS OFICIAL'!BL4)-'BRAWLERS OFICIAL'!BL4) -> 0 | BM4: =((0 + 'BRAWLERS OFICIAL'!BM4)-'BRAWLERS OFICIAL'!BM4)/($BQ4/5) -> 0 | BN4: =((0 + 'BRAWLERS OFICIAL'!BN4)-'BRAWLERS OFICIAL'!BN4)/($BQ4/5) -> 0 | BO4: =((0 + 'BRAWLERS OFICIAL'!BO4)-'BRAWLERS OFICIAL'!BO4)/($BQ4/5) -> 0 | BQ4: 18
B5: BOUNCY CASTLE | C5: RICO | D5: wall_break_efficiency | E5: easy_approach | F5: =((0 + 'BRAWLERS OFICIAL'!F5)-'BRAWLERS OFICIAL'!F5)/($BQ5/5) -> 0 | G5: =((0 + 'BRAWLERS OFICIAL'!G5)-'BRAWLERS OFICIAL'!G5)/($BQ5/5) -> 0 | H5: =((0 + 'BRAWLERS OFICIAL'!H5)-'BRAWLERS OFICIAL'!H5)/($BQ5/5) -> 0 | I5: =((0 + 'BRAWLERS OFICIAL'!I5)-'BRAWLERS OFICIAL'!I5)/($BQ5/5) -> 0 | J5: =((0 + 'BRAWLERS OFICIAL'!J5)-'BRAWLERS OFICIAL'!J5)/($BQ5/5) -> 0 | K5: =((0 + 'BRAWLERS OFICIAL'!K5)-'BRAWLERS OFICIAL'!K5)/($BQ5/5) -> 0 | L5: =((0 + 'BRAWLERS OFICIAL'!L5)-'BRAWLERS OFICIAL'!L5)/($BQ5/5) -> 0 | M5: =((0 + 'BRAWLERS OFICIAL'!M5)-'BRAWLERS OFICIAL'!M5)/($BQ5/5) -> 0 | ... V5: =((0 + 'BRAWLERS OFICIAL'!V5)-'BRAWLERS OFICIAL'!V5)/($BQ5/5) -> 0 | W5: =(0 + 'BRAWLERS OFICIAL'!W5)-'BRAWLERS OFICIAL'!W5 -> 0 | X5: =(( 1920/1400 + 'BRAWLERS OFICIAL'!X5 + AP5 + AY5/3.5 )-'BRAWLERS OFICIAL'!X5)/($BQ5/5) -> 0.40336134 | Y5: =((0 + 'BRAWLERS OFICIAL'!Y5)-'BRAWLERS OFICIAL'!Y5)/($BQ5/5) -> 0 | Z5: =(((0)/3 + 'BRAWLERS OFICIAL'!Z5)-'BRAWLERS OFICIAL'!Z5) -> 0 | AA5: =((0 + 'BRAWLERS OFICIAL'!AA5)-'BRAWLERS OFICIAL'!AA5)/($BQ5/5) -> 0 | AB5: =((0 + 'BRAWLERS OFICIAL'!AB5)-'BRAWLERS OFICIAL'!AB5)/($BQ5/5) -> 0 | AC5: =(((0)/4 + 'BRAWLERS OFICIAL'!AC5)-'BRAWLERS OFICIAL'!AC5)/($BQ5/5) -> 0 | AD5: =((0 + 'BRAWLERS OFICIAL'!AD5)-'BRAWLERS OFICIAL'!AD5)/($BQ5/5) -> 0 | AE5: =((0 + 'BRAWLERS OFICIAL'!AE5)-'BRAWLERS OFICIAL'!AE5)/($BQ5/5) -> 0 | AF5: =((0 + 'BRAWLERS OFICIAL'!AF5)-'BRAWLERS OFICIAL'!AF5)/($BQ5/5) -> 0 | AG5: =((0 + 'BRAWLERS OFICIAL'!AG5)-'BRAWLERS OFICIAL'!AG5) -> 0 | AH5: =((0 + 'BRAWLERS OFICIAL'!AH5)-'BRAWLERS OFICIAL'!AH5) -> 0 | AI5: =((0 + 'BRAWLERS OFICIAL'!AI5)-'BRAWLERS OFICIAL'!AI5) -> 0 | AJ5: =((0 + 'BRAWLERS OFICIAL'!AJ5)-'BRAWLERS OFICIAL'!AJ5)/($BQ5/5) -> 0 | AK5: =((0 + 'BRAWLERS OFICIAL'!AK5)-'BRAWLERS OFICIAL'!AK5)/($BQ5/5) -> 0 | AL5: =(((BK5/5+1)*AK5 + 'BRAWLERS OFICIAL'!AL5)-'BRAWLERS OFICIAL'!AL5)/($BQ5/5) -> 0 | AM5: =IF( 0 = (1-1), (1-1), ((0 + 'BRAWLERS OFICIAL'!AM5)/1.5)-'BRAWLERS OFICIAL'!AM5 ) -> 0 | AN5: =IF( 0 = (1-1), (1-1), ( 0 ) ) -> 0 | AO5: =((0 + 'BRAWLERS OFICIAL'!AO5)-'BRAWLERS OFICIAL'!AO5)/($BQ5/5) -> 0 | AP5: =((0/1000 + 'BRAWLERS OFICIAL'!AP5)-'BRAWLERS OFICIAL'!AP5) -> 0 | AQ5: =((0 + 'BRAWLERS OFICIAL'!AQ5)-'BRAWLERS OFICIAL'!AQ5) -> 0 | AR5: =IF( 0 = (1-1), (1-1), ((0 + 'BRAWLERS OFICIAL'!AR5)/1.5) ) -> 0 | AS5: =IF( 0 = (1-1), (1-1), ((0 + 'BRAWLERS OFICIAL'!AS5)/1.5) ) -> 0 | AT5: =IF( 0 = (1-1), (1-1), ((0 + 'BRAWLERS OFICIAL'!AT5)/2) ) -> 0 | AU5: =((0 + 'BRAWLERS OFICIAL'!AU5)-'BRAWLERS OFICIAL'!AU5)/($BQ5/5) -> 0 | AV5: =(((0)/4 + 'BRAWLERS OFICIAL'!AV5)-'BRAWLERS OFICIAL'!AV5) -> 0 | AW5: 2.5 | AX5: This gadget improves the brawler's survivability. However, it relies on walls and strategic use to maximize its healing potential. | AY5: =((( 0 )/3 + 'BRAWLERS OFICIAL'!AY5)-'BRAWLERS OFICIAL'!AY5) -> 0 | AZ5: =((( 0 )/2 + 'BRAWLERS OFICIAL'!AZ5)-'BRAWLERS OFICIAL'!AZ5)/($BQ5/5) -> 0 | BA5: =((( 0 )/2 + 'BRAWLERS OFICIAL'!BA5)-'BRAWLERS OFICIAL'!BA5) -> 0 | BB5: =((( 0 )/3 + 'BRAWLERS OFICIAL'!BB5)-'BRAWLERS OFICIAL'!BB5) -> 0 | BC5: =((( 0 )/2 + 'BRAWLERS OFICIAL'!BC5)-'BRAWLERS OFICIAL'!BC5)/($BQ5/5) -> 0 | BD5: =((( 0 )/3 + 'BRAWLERS OFICIAL'!BD5)-'BRAWLERS OFICIAL'!BD5) -> 0 | BE5: =((( 0 )/3 + 'BRAWLERS OFICIAL'!BE5)-'BRAWLERS OFICIAL'!BE5) -> 0 | BF5: =((0 + 'BRAWLERS OFICIAL'!BF5)-'BRAWLERS OFICIAL'!BF5)/($BQ5/5) -> 0 | BG5: =((0 + 'BRAWLERS OFICIAL'!BG5)-'BRAWLERS OFICIAL'!BG5)/($BQ5/5) -> 0 | BH5: =((( 0 )/2 + 'BRAWLERS OFICIAL'!BH5)-'BRAWLERS OFICIAL'!BH5) -> 0 | BI5: =((0 + 'BRAWLERS OFICIAL'!BI5)-'BRAWLERS OFICIAL'!BI5)/($BQ5/5) -> 0 | BJ5: =((( 0 )/2 + 'BRAWLERS OFICIAL'!BJ5)-'BRAWLERS OFICIAL'!BJ5) -> 0 | BK5: =((( 0 )/3 + 'BRAWLERS OFICIAL'!BK5)-'BRAWLERS OFICIAL'!BK5) -> 0 | BL5: =((( 0 )/2 + 'BRAWLERS OFICIAL'!BL5)-'BRAWLERS OFICIAL'!BL5) -> 0 | BM5: =((0 + 'BRAWLERS OFICIAL'!BM5)-'BRAWLERS OFICIAL'!BM5)/($BQ5/5) -> 0 | BN5: =((0 + 'BRAWLERS OFICIAL'!BN5)-'BRAWLERS OFICIAL'!BN5)/($BQ5/5) -> 0 | BO5: =((0 + 'BRAWLERS OFICIAL'!BO5)-'BRAWLERS OFICIAL'!BO5)/($BQ5/5) -> 0 | BQ5: 17
